Species	Accessions
Mycobacterium_abscessus_subsp._abscessus	GCA_000611915.1,GCA_900137745.1
Mycobacterium_abscessus_subsp._bolletii	GCA_000239035.2,GCA_900134285.1
Mycobacterium_abscessus_subsp._massiliense	GCA_000239055.2,GCA_900138855.1
Mycobacterium_acidiphilus	GCA_018455725.1
Mycobacterium_agri	GCA_002553505.1,GCA_010722915.1
Mycobacterium_ahvazicum	GCA_900176255.2
Mycobacterium_aichiense	GCA_010726245.1,GCA_900453085.1
Mycobacterium_algericum	GCA_002086455.1,GCA_010726505.1
Mycobacterium_algericum_A	GCA_003284925.1
Mycobacterium_alkanivorans	GCA_022760805.1
Mycobacterium_alsense	GCA_001666815.1,GCA_002086635.1
Mycobacterium_alvei	GCA_010727325.1
Mycobacterium_angelicum	GCA_002086155.1
Mycobacterium_anyangense	GCA_010731855.1
Mycobacterium_aquaticum	GCA_002086485.1
Mycobacterium_arabiense	GCA_010731815.2
Mycobacterium_aromaticivorans	GCA_000559085.2
Mycobacterium_arosiense	GCA_002086125.1
Mycobacterium_arosiense_A	GCA_003284935.1
Mycobacterium_arupense	GCA_000972915.1,GCA_002086515.1
Mycobacterium_asiaticum	GCA_000613245.1,GCA_001669345.1
Mycobacterium_asiaticum_A	GCA_001673365.1
Mycobacterium_asiaticum_B	GCA_001673315.1
Mycobacterium_asiaticum_C	GCA_001673345.1,GCA_001673635.1
Mycobacterium_asiaticum_D	GCA_001668675.1
Mycobacterium_attenuatum	GCA_900566085.1,GCA_900566105.1
Mycobacterium_aubagnense	GCA_005670695.1,GCA_010730955.1
Mycobacterium_aurum	GCA_001049355.1,GCA_900637195.1
Mycobacterium_aurum_A	GCA_023388645.1,GCA_900078775.1
Mycobacterium_austroafricanum	GCA_000612725.1,GCA_002968275.1
Mycobacterium_avium_subsp._avium	GCA_000504945.1,GCA_009741445.1
Mycobacterium_avium_subsp._hominissuis	GCA_000500005.1,GCA_900079425.1
Mycobacterium_avium_subsp._paratuberculosis	GCA_000240525.2,GCA_002208705.2
Mycobacterium_avium_subsp._silvaticum	GCA_000504975.1
Mycobacterium_bacteremicum	GCA_002086115.1,GCA_943913955.1
Mycobacterium_baixiangningiae	GCA_014893035.1,GCA_016313185.1
Mycobacterium_basiliense	GCA_900292015.1
Mycobacterium_boenickei	GCA_002553535.1,GCA_010731295.1
Mycobacterium_bohemicum	GCA_001053185.1,GCA_002102025.1
Mycobacterium_botniense	GCA_010723305.1
Mycobacterium_bourgelatii	GCA_010723575.1
Mycobacterium_bovis	GCA_000729755.1,GCA_002982285.1
Mycobacterium_branderi	GCA_002086575.1,GCA_010728725.1
Mycobacterium_brisbanense	GCA_000455145.1,GCA_001570425.1
Mycobacterium_brumae	GCA_002553575.2,GCA_004014795.1
Mycobacterium_canariasense	GCA_001570445.1,GCA_002101555.1
Mycobacterium_canettii	GCA_000253375.1,GCA_000343935.1
Mycobacterium_celatum	GCA_000974705.1,GCA_002101595.1
Mycobacterium_celeriflavum	GCA_001667065.1,GCA_010731795.1
Mycobacterium_chelonae_A	GCA_014204435.1
Mycobacterium_chelonae_subsp._chelonae	GCA_004355245.1
Mycobacterium_chelonae_subsp._gwanakae	GCA_003390495.1
Mycobacterium_chitae	GCA_010727725.1,GCA_900637205.1
Mycobacterium_chlorophenolicum	GCA_001044235.1,GCA_001552315.1
Mycobacterium_chubuense	GCA_001044255.1,GCA_002086595.1
Mycobacterium_chubuense_A	GCA_000266905.1
Mycobacterium_colombiense	GCA_000222105.4,GCA_002105755.1
Mycobacterium_colombiense_A	GCA_001665835.1
Mycobacterium_colombiense_B	GCA_001953985.1,GCA_001954115.1
Mycobacterium_colombiense_C	GCA_001672755.1
Mycobacterium_confluentis	GCA_010729895.1,GCA_023432245.1
Mycobacterium_conspicuum	GCA_002102095.1,GCA_010730195.1
Mycobacterium_cookii	GCA_010727945.1
Mycobacterium_cosmeticum	GCA_000613185.1,GCA_005670675.1
Mycobacterium_cosmeticum_A	GCA_016197365.1
Mycobacterium_crocinum	GCA_022370635.1,GCA_023390855.1
Mycobacterium_decipiens	GCA_002104675.1
Mycobacterium_diernhoferi	GCA_019456655.1,GCA_023417175.1
Mycobacterium_dioxanotrophicus	GCA_002157835.1
Mycobacterium_doricum	GCA_002102115.1,GCA_010728155.1
Mycobacterium_duvalii	GCA_002553585.1,GCA_010726645.1
Mycobacterium_elephantis	GCA_001005175.1,GCA_004014805.1
Mycobacterium_engbaekii	GCA_002101585.1
Mycobacterium_europaeum	GCA_001373515.1,GCA_002102155.1
Mycobacterium_europaeum_A	GCA_001669335.1,GCA_003284975.1
Mycobacterium_fallax	GCA_010726955.1,GCA_022710465.1
Mycobacterium_flavescens	GCA_002245615.1,GCA_900637135.1
Mycobacterium_flavescens_A	GCA_001722335.1
Mycobacterium_florentinum	GCA_002101635.1,GCA_010730355.1
Mycobacterium_fluoranthenivorans	GCA_011758805.1,GCA_900100615.1
Mycobacterium_fortuitum_subsp._acetamidolyticum	GCA_001570465.1
Mycobacterium_fortuitum_subsp._fortuitum	GCA_000295855.1,GCA_022179545.1
Mycobacterium_fortunisiensis	GCA_019050325.1
Mycobacterium_fragae	GCA_002102185.1,GCA_020622285.1
Mycobacterium_franklinii	GCA_002013895.1,GCA_011064445.1
Mycobacterium_frederiksbergense	GCA_012223425.1,GCA_019745175.1
Mycobacterium_gadium	GCA_010728925.1
Mycobacterium_gallinarum	GCA_010726765.1
Mycobacterium_gastri	GCA_000521195.1,GCA_002102175.1
Mycobacterium_genavense	GCA_000526915.1
Mycobacterium_gilvum	GCA_019148985.1,GCA_900454025.1
Mycobacterium_goodii	GCA_018524325.1,GCA_022370755.2
Mycobacterium_goodii_B	GCA_001187505.1
Mycobacterium_gordonae	GCA_002101675.1,GCA_002786135.1
Mycobacterium_gordonae_B	GCA_001417955.2
Mycobacterium_gordonae_D	GCA_017086405.1
Mycobacterium_grossiae	GCA_001766635.1,GCA_008329645.1
Mycobacterium_haemophilum	GCA_000340435.3,GCA_001021405.1
Mycobacterium_hassiacum	GCA_000379865.1,GCA_900603025.1
Mycobacterium_heckeshornense	GCA_016592155.1,GCA_016861545.1
Mycobacterium_heidelbergense	GCA_002086215.1,GCA_010730745.1
Mycobacterium_helveticum	GCA_007714205.1,GCA_021780175.1
Mycobacterium_helvum	GCA_010731895.1
Mycobacterium_heraklionense_A	GCA_001673575.1
Mycobacterium_heraklionense_B	GCA_001021505.1,GCA_019645815.1
Mycobacterium_heraklionense_C	GCA_024758765.1
Mycobacterium_hiberniae	GCA_000972925.1,GCA_010729485.1
Mycobacterium_hippocampi_A	GCA_013390125.1,GCA_021731805.1
Mycobacterium_hippocampi_B	GCA_010723735.1
Mycobacterium_hodleri_A	GCA_006439015.1
Mycobacterium_holsaticum	GCA_001722355.1,GCA_019645835.1
Mycobacterium_houstonense	GCA_900078665.2
Mycobacterium_icosiumassiliensis	GCA_900078685.2
Mycobacterium_immunogenum	GCA_001296255.1,GCA_001605725.1
Mycobacterium_innocens	GCA_002705965.1,GCA_900566055.1
Mycobacterium_insubricum	GCA_010731615.1,GCA_020438775.1
Mycobacterium_interjectum	GCA_900078675.2
Mycobacterium_interjectum_B	GCA_002102225.1
Mycobacterium_intermedium	GCA_002024965.1,GCA_002086275.1
Mycobacterium_intracellulare_subsp._chimaera	GCA_001938095.1,GCA_020412405.1
Mycobacterium_intracellulare_subsp._intracellulare	GCA_000298095.1,GCA_021183785.1
Mycobacterium_intracellulare_subsp._yongonense	GCA_000418535.2,GCA_001686645.1
Mycobacterium_iranicum	GCA_000455165.1,GCA_002101705.1
Mycobacterium_iranicum_A	GCA_001650495.1
Mycobacterium_iranicum_B	GCA_014190915.1
Mycobacterium_kansasii	GCA_000157895.2,GCA_001632965.1
Mycobacterium_komanii	GCA_001050035.1
Mycobacterium_koreense	GCA_001722415.1,GCA_002104795.1
Mycobacterium_kubicae	GCA_014263335.1,GCA_015689175.1
Mycobacterium_kumamotonense	GCA_002086285.1,GCA_010093495.1
Mycobacterium_kyogaense	GCA_001905565.1,GCA_003254575.1
Mycobacterium_kyorinense	GCA_000759695.1,GCA_002101735.1
Mycobacterium_kyorinense_A	GCA_001672775.1
Mycobacterium_lacus	GCA_002102215.1,GCA_010731535.1
Mycobacterium_lacusdiani	GCA_021916785.1
Mycobacterium_lehmannii	GCA_001499915.1,GCA_002245535.1
Mycobacterium_lentiflavum	GCA_001373395.1,GCA_022374895.2
Mycobacterium_leprae	GCA_000026685.1,GCA_000195855.1
Mycobacterium_lepraemurium	GCA_002291465.1
Mycobacterium_lepromatosis	GCA_000966355.1,GCA_000975265.2
Mycobacterium_litorale	GCA_004366555.1,GCA_010731695.1
Mycobacterium_litorale_A	GCA_002007745.1
Mycobacterium_litorale_B	GCA_014218295.1
Mycobacterium_llatzerense	GCA_000746215.1,GCA_000878195.1
Mycobacterium_longobardum	GCA_002102265.1
Mycobacterium_lutetiense	GCA_017876775.1
Mycobacterium_madagascariense	GCA_010729665.1
Mycobacterium_mageritense	GCA_010727475.1,GCA_020907445.1
Mycobacterium_malmesburyense	GCA_001050015.1
Mycobacterium_malmoense	GCA_001870845.1,GCA_019645855.1
Mycobacterium_mantenii	GCA_001667695.1,GCA_010731775.1
Mycobacterium_marinum	GCA_003391395.1,GCA_024341455.1
Mycobacterium_marseillense	GCA_010731675.1,GCA_020217515.1
Mycobacterium_mengxianglii	GCA_015710575.2,GCA_015910525.1
Mycobacterium_minnesotense	GCA_002086405.1,GCA_010731755.1
Mycobacterium_monacense	GCA_010731575.1,GCA_014194265.1
Mycobacterium_montefiorense	GCA_003112775.1,GCA_024341965.1
Mycobacterium_moriokaense	GCA_002086395.1,GCA_010726085.1
Mycobacterium_moriokaense_A	GCA_003201655.1
Mycobacterium_moriokaense_B	GCA_003347205.1
Mycobacterium_mucogenicum_B	GCA_005670685.2,GCA_009192845.1
Mycobacterium_mungi	GCA_001652545.1
Mycobacterium_nebraskense	GCA_001021495.1,GCA_002102255.1
Mycobacterium_neglectum	GCA_002591975.1
Mycobacterium_neoaurum	GCA_000691525.1,GCA_023411105.1
Mycobacterium_neoaurum_A	GCA_000317305.3,GCA_003367335.1
Mycobacterium_neworleansense	GCA_001245615.1
Mycobacterium_nonchromogenicum	GCA_001672655.1,GCA_002101775.1
Mycobacterium_noviomagense	GCA_002086415.1,GCA_010731635.1
Mycobacterium_novocastrense	GCA_001500045.1,GCA_001570485.1
Mycobacterium_numidiamassiliense	GCA_900157365.1
Mycobacterium_orygis	GCA_000353205.1,GCA_006385035.1
Mycobacterium_ostraviense	GCA_001632895.1,GCA_002705925.1
Mycobacterium_palauense	GCA_002592005.1
Mycobacterium_palustre	GCA_002101785.1
Mycobacterium_paraense	GCA_002101815.1,GCA_002102305.1
Mycobacterium_paraffinicum	GCA_001907675.1
Mycobacterium_parafortuitum	GCA_002086815.1,GCA_900417285.1
Mycobacterium_paragordonae	GCA_001673255.1,GCA_003614435.1
Mycobacterium_parakoreense	GCA_022370835.1
Mycobacterium_parascrofulaceum	GCA_000164135.1,GCA_001686665.1
Mycobacterium_paraseoulense	GCA_002086475.1,GCA_010731655.1
Mycobacterium_paraterrae	GCA_022430545.1
Mycobacterium_parmense	GCA_002102335.1,GCA_010730575.1
Mycobacterium_peregrinum	GCA_001403655.1,GCA_002102345.1
Mycobacterium_peregrinum_A	GCA_001665785.1
Mycobacterium_peregrinum_B	GCA_001665625.1,GCA_001667205.1
Mycobacterium_persicum	GCA_002086675.1,GCA_902825395.1
Mycobacterium_phlei	GCA_000257725.1,GCA_001583415.1
Mycobacterium_phocaicum	GCA_001556905.1,GCA_010731115.1
Mycobacterium_porcinum	GCA_001686675.1,GCA_002086835.1
Mycobacterium_porcinum_A	GCA_001942045.1
Mycobacterium_poriferae	GCA_009363295.1,GCA_010728325.1
Mycobacterium_pseudokansasii	GCA_900566025.1,GCA_900566075.1
Mycobacterium_psychrotolerans	GCA_001428285.1,GCA_010729305.1
Mycobacterium_pulveris	GCA_010725725.1
Mycobacterium_rhizamassiliense	GCA_900157375.1
Mycobacterium_rhodesiae	GCA_002086695.1
Mycobacterium_rhodesiae_A	GCA_000230895.3
Mycobacterium_rhodesiae_B	GCA_000230935.2
Mycobacterium_riyadhense	GCA_002101845.1,GCA_905219475.1
Mycobacterium_rufum	GCA_000762985.1,GCA_022374875.1
Mycobacterium_rutilum	GCA_900108565.1
Mycobacterium_salmoniphilum	GCA_002013645.1,GCA_004924335.1
Mycobacterium_saopaulense	GCA_001456355.1,GCA_002086715.1
Mycobacterium_sarraceniae	GCA_010731875.1
Mycobacterium_saskatchewanense	GCA_002101875.1,GCA_010729105.1
Mycobacterium_scrofulaceum	GCA_002086735.1
Mycobacterium_scrofulaceum_C	GCA_001667885.1,GCA_001672575.1
Mycobacterium_sediminis	GCA_010731735.1
Mycobacterium_senegalense	GCA_001012795.1,GCA_019645875.1
Mycobacterium_senriense	GCA_019668465.1
Mycobacterium_senuense	GCA_002101885.1,GCA_010723225.1
Mycobacterium_seoulense	GCA_010731595.1
Mycobacterium_septicum	GCA_000455325.1,GCA_016919345.1
Mycobacterium_setense	GCA_000805385.1,GCA_900236745.1
Mycobacterium_sherrisii	GCA_001722325.1,GCA_002102355.1
Mycobacterium_shigaense	GCA_002356315.1,GCA_002983495.1
Mycobacterium_shimoidei	GCA_001722445.1,GCA_002101905.1
Mycobacterium_shinjukuense	GCA_002086755.1,GCA_010730055.1
Mycobacterium_simiae	GCA_002093075.1,GCA_010727605.1
Mycobacterium_simiae_A	GCA_008370645.1
Mycobacterium_simulans	GCA_900232515.1,GCA_900232995.1
Mycobacterium_sinense_A	GCA_001667375.1,GCA_001667395.1
Mycobacterium_sinense_B	GCA_001667945.1,GCA_001672735.1
Mycobacterium_smegmatis	GCA_001457595.1,GCA_024085075.1
Mycobacterium_sphagni	GCA_002250655.1
Mycobacterium_spongiae	GCA_018278905.1
Mycobacterium_stellerae	GCA_003719305.1
Mycobacterium_stephanolepidis	GCA_002356335.1
Mycobacterium_stomatepiae	GCA_010731715.1
Mycobacterium_syngnathidarum	GCA_001756795.1,GCA_001942625.1
Mycobacterium_szulgai	GCA_002116635.1
Mycobacterium_talmoniae	GCA_002967005.1,GCA_004354905.1
Mycobacterium_terrae	GCA_002101955.1,GCA_010727125.1
Mycobacterium_terramassiliense	GCA_900157385.1
Mycobacterium_thermoresistibile	GCA_000234585.2,GCA_900187065.1
Mycobacterium_tilburgii	GCA_902168065.1
Mycobacterium_tokaiense	GCA_010725885.1,GCA_900453365.1
Mycobacterium_triplex	GCA_000689255.1,GCA_002102415.1
Mycobacterium_triviale	GCA_002102395.1
Mycobacterium_tuberculosis	GCA_000195955.2,GCA_003396065.1
Mycobacterium_tuberculosis_variant_africanum	GCA_000666205.1,GCA_002982335.1
Mycobacterium_tuberculosis_variant_caprae	GCA_002982225.1,GCA_014489215.1
Mycobacterium_tuberculosis_variant_microti	GCA_002982215.1,GCA_904810365.1
Mycobacterium_tuberculosis_variant_pinnipedii	GCA_002982275.1,GCA_003027795.2
Mycobacterium_tusciae	GCA_002086795.1
Mycobacterium_tusciae_A	GCA_000243415.3
Mycobacterium_uberis	GCA_003408705.1
Mycobacterium_vaccae	GCA_000295825.1,GCA_001552715.1
Mycobacterium_vanbaalenii_A	GCA_902705885.1
Mycobacterium_vicinigordonae	GCA_013466425.1
Mycobacterium_vinylchloridicum	GCA_013404075.1
Mycobacterium_virginiense	GCA_001666995.1,GCA_022374935.2
Mycobacterium_vulneris	GCA_002104765.1
Mycobacterium_wolinskyi	GCA_001545135.1,GCA_002101965.1
Mycobacterium_xenopi	GCA_000523715.1,GCA_009936235.1
