reference,in_mykrobe,in_walker_set,in_manifest,assembly,first_contig,strain,notes,mykrobe_accessions
abscessus,1.0,1.0,1.0,GCF_000069185.1,CU458896.1,ATCC_19977,,"GCA_000611915.1,GCA_900137745.1,GCA_000239035.2,GCA_900134285.1,GCA_000239055.2,GCA_900138855.1"
acapulcensis,,1.0,,GCF_001499915.1,,,not a verified reference,
acidiphilus,1.0,,1.0,GCF_018455725.1,NZ_JAHCLR010000001.1,M1,,GCA_018455725.1
aemonae,,1.0,,none,,,,
agri,1.0,1.0,1.0,GCF_002553505.1,NZ_PDCP01000001.1,CCUG37673,,"GCA_002553505.1,GCA_010722915.1"
ahvazicum,1.0,,1.0,GCF_900176255.2,NZ_FXEG02000001.1,AFP003,,GCA_900176255.2
aichiense,1.0,1.0,1.0,GCA_010726245.1,AP022561.1,JCM_6376,,"GCA_010726245.1,GCA_900453085.1"
algericus,1.0,1.0,,GCF_002086455.1,NZ_MVHC01000001.1,DSM_45454,in manifest but not used,"GCA_002086455.1,GCA_010726505.1,GCA_003284925.1"
alkanivorans,1.0,,1.0,GCF_022760805.1,NZ_JAIVFL010000001.1,ANDR5,,GCA_022760805.1
alsense,1.0,,1.0,GCF_002086635.1,NZ_MVHD01000001.1,DSM_45230,,"GCA_001666815.1,GCA_002086635.1"
alvei,1.0,1.0,1.0,GCA_010727325.1,AP022565.1,JCM_12272,,GCA_010727325.1
angelicum,1.0,1.0,1.0,GCF_002086155.1,NZ_MVHE01000001.1,DSM_45057,,GCA_002086155.1
anyangense,1.0,,1.0,GCA_010731855.1,AP022620.1,JCM_30275,,GCA_010731855.1
aquaticum,1.0,,1.0,GCF_002086485.1,NZ_MVHF01000001.1,RW6,,GCA_002086485.1
arabiense,1.0,,,GCA_010731815.2,,,,GCA_010731815.2
aromaticivorans,1.0,1.0,1.0,GCF_000559085.1,NZ_JALN02000001.1,JCM+16368,,GCA_000559085.2
arosiense,1.0,1.0,1.0,GCF_002086125.1,NZ_MVHG01000001.1,DSM_45069,,"GCA_002086125.1,GCA_003284935.1"
arupensis,1.0,1.0,1.0,GCF_025822685.1,NZ_JACKUJ010000001.1,DSM_44942,,"GCA_000972915.1,GCA_002086515.1"
asiaticum,1.0,1.0,1.0,GCF_000613245.1,NZ_HG964936.1,DSM_44297,,"GCA_000613245.1,GCA_001669345.1,GCA_001673365.1,GCA_001673315.1,GCA_001673345.1,GCA_001673635.1,GCA_001668675.1"
attenuatum,1.0,,1.0,GCF_900566065.1,NZ_UPHP01000001.1,MK136,,"GCA_900566085.1,GCA_900566105.1"
aubagnense,1.0,1.0,1.0,GCA_029854255.1,CP122994.1,HPB1.1,,"GCA_005670695.1,GCA_010730955.1"
aurum,1.0,1.0,1.0,GCA_900637195.1,LR134356.1,NCTC10437,,"GCA_001049355.1,GCA_900637195.1,GCA_023388645.1,GCA_900078775.1"
austroafricanum,1.0,1.0,1.0,GCA_016919645.1,CP070380.1,MYC221,,"GCA_000612725.1,GCA_002968275.1"
avium,1.0,1.0,1.0,GCF_022175585.1,CP018019.1,OCU889s_P11_4s,,"GCA_000504945.1,GCA_009741445.1,GCA_000500005.1,GCA_900079425.1,GCA_000240525.2,GCA_002208705.2,GCA_000504975.1"
bacteremicum,1.0,1.0,1.0,GCF_002086115.1,NZ_MVHJ01000001.1,DSM_45578,,"GCA_002086115.1,GCA_943913955.1"
baixiangningiae,1.0,,1.0,GCA_016313185.1,CP066218.1,LJ126,,"GCA_014893035.1,GCA_016313185.1"
basiliense,1.0,,1.0,GCA_900292015.1,LR130759.1,DSM_104308 901379,,GCA_900292015.1
boenickei,1.0,1.0,,GCA_010731295.1,AP022579.1,JCM_15653,in manifest but not used,"GCA_002553535.1,GCA_010731295.1"
bohemicum,1.0,1.0,1.0,GCF_001053185.1,NZ_CSTD01000001.1,DSM_44277,,"GCA_001053185.1,GCA_002102025.1"
botniense,1.0,,,GCA_010723305.1,,,,GCA_010723305.1
bouchedurhonense,,1.0,,GCF_002086165.1,,,,
bourgelatii,1.0,,,GCA_010723575.1,,,,GCA_010723575.1
bovis,1,,,none,,,excluded as tb lineage,"GCA_000729755.1,GCA_002982285.1"
branderi,1.0,1.0,1.0,GCA_010728725.1,AP022606.1,JCM_12687,,"GCA_002086575.1,GCA_010728725.1"
brisbanense,1.0,1.0,1.0,GCF_001570425.1,NZ_BCSX01000001.1,JCM_15654,,"GCA_000455145.1,GCA_001570425.1"
brumae,1.0,1.0,1.0,GCA_025215495.1,CP104302.1,ATCC_51384,,"GCA_002553575.2,GCA_004014795.1"
brunense,,1.0,,none,,,equivalent to intracellulare,
canariasense,1.0,1.0,1.0,GCF_002101555.1,NZ_LQOL01000001.1,CCUG_47953,,"GCA_001570445.1,GCA_002101555.1"
canettii,1,,,GCF_000253375.1,,,,"GCA_000253375.1,GCA_000343935.1"
celatum,1.0,1.0,1.0,GCF_002101595.1,NZ_LQOM01000001.1,DSM_44243,,"GCA_000974705.1,GCA_002101595.1"
celeriflavum,1.0,,1.0,GCA_010731795.1,AP022591.1,JCM_18439,,"GCA_001667065.1,GCA_010731795.1"
chelonae,1.0,1.0,1.0,GCF_003390495.1,CP031516.1,MOTT36W,,"GCA_014204435.1,GCA_004355245.1,GCA_003390495.1"
chitae,1.0,1.0,1.0,GCA_900637205.1,LR134355.1,NCTC10485,,"GCA_010727725.1,GCA_900637205.1"
chlorophenolicum,1.0,1.0,1.0,GCF_001044235.1,NZ_JYNL01000001.1,DSM_43826,,"GCA_001044235.1,GCA_001552315.1"
chubuense,1.0,,1.0,GCA_000266905.1,CP003053.1,NBB4,,"GCA_001044255.1,GCA_002086595.1,GCA_000266905.1"
colombiense,1.0,1.0,1.0,GCA_002105755.1,CP020821.1,CECT_3035,,"GCA_000222105.4,GCA_002105755.1,GCA_001665835.1,GCA_001953985.1,GCA_001954115.1,GCA_001672755.1"
conceptionense,,1.0,,GCF_002102065.1,,,,
confluentis,1.0,1.0,1.0,GCA_010729895.1,AP022612.1,JCM_13671,,"GCA_010729895.1,GCA_023432245.1"
conspicuum,1.0,,1.0,GCA_010730195.1,AP022613.1,JCM_14738,,"GCA_002102095.1,GCA_010730195.1"
cookii,1.0,,1.0,GCA_010727945.1,AP022569.1,JCM_12404,,GCA_010727945.1
cosmeticum,1.0,1.0,1.0,GCF_000613185.1,NZ_CCBB010000001.1,DSM_44829,,"GCA_000613185.1,GCA_005670675.1,GCA_016197365.1"
crocinum,1.0,1.0,1.0,GCA_022370635.3,CP092362.2,JCM_16369,,"GCA_022370635.1,GCA_023390855.1"
decipiens,1.0,,,GCA_002104675.1,,,,GCA_002104675.1
diernhoferi,1.0,1.0,1.0,GCA_019456655.1,CP080332.1,ATCC_19340,,"GCA_019456655.1,GCA_023417175.1"
dioxanotrophicus,1.0,,,GCA_002157835.1,,,,GCA_002157835.1
doricum,1.0,1.0,1.0,GCA_010728155.1,AP022605.1,JCM_12405,,"GCA_002102115.1,GCA_010728155.1"
duvalii,1.0,1.0,1.0,GCA_010726645.1,AP022563.1,JCM_6396,,"GCA_002553585.1,GCA_010726645.1"
elephantis,1.0,1.0,1.0,GCF_001667535.1,NZ_LZHS01000001.1,852002-10318_SCH4845932,,"GCA_001005175.1,GCA_004014805.1"
engbaekii,1.0,,,GCA_002101585.1,,,,GCA_002101585.1
europaeum,1.0,1.0,1.0,GCF_002102155.1,NZ_LQOU01000001.1,DSM_45397,,"GCA_001373515.1,GCA_002102155.1,GCA_001669335.1,GCA_003284975.1"
fallax,1.0,1.0,1.0,GCA_010726955.1,AP022603.1,JCM_6405,,"GCA_010726955.1,GCA_022710465.1"
farcinogenes,,1.0,1.0,GCA_019739075.1,CP081673.1,BKKCU_MFGFA_001,,
flavescens,1.0,1.0,1.0,GCA_900637135.1,LR134353.1,NCTC10271,,"GCA_002245615.1,GCA_900637135.1,GCA_001722335.1"
florentinum,1.0,1.0,1.0,GCA_010730355.1,AP022576.1,JCM_14740,,"GCA_002101635.1,GCA_010730355.1"
fluoranthenivorans,1.0,1.0,1.0,GCA_014295435.1,CP059894.1,2A,,"GCA_011758805.1,GCA_900100615.1"
fortuitum,1.0,1.0,1.0,GCF_022179545.1,AP025518.1,JCM_6387,,"GCA_001570465.1,GCA_000295855.1,GCA_022179545.1"
fortunisiensis,1.0,,,GCA_019050325.1,,,,GCA_019050325.1
fragae,1.0,,1.0,GCF_002102185.1,NZ_LQOW01000001.1,DSM_45731,,"GCA_002102185.1,GCA_020622285.1"
franklinii,1.0,,1.0,GCF_002013895.1,NZ_MAFQ01000001.1,CV002,,"GCA_002013895.1,GCA_011064445.1"
frederiksbergense,1.0,1.0,1.0,GCF_025822145.1,NZ_JACKTH010000001.1,DSM_45364,,"GCA_012223425.1,GCA_019745175.1"
gadium,1.0,1.0,1.0,GCA_010728925.1,AP022608.1,JCM_12688,,GCA_010728925.1
gallinarum,1.0,1.0,1.0,GCA_010726765.1,AP022601.1,JCM_6399,,GCA_010726765.1
gastri,1.0,,1.0,GCA_002102175.1,NZ_LQOX01000001.1,DSM_43505,,"GCA_000521195.1,GCA_002102175.1"
genavense,1.0,1.0,1.0,GCF_000526915.1,NZ_JAGZ01000001.1,ATCC_51234,,GCA_000526915.1
gilvum,1.0,,1.0,GCA_000184435.1,CP002385.1,Spyr1,,"GCA_019148985.1,GCA_900454025.1"
goodii,1.0,1.0,1.0,GCA_022370755.2,CP092364.2,ATCC_700504,,"GCA_018524325.1,GCA_022370755.2,GCA_001187505.1"
gordonae,1.0,1.0,1.0,GCF_017086405.1,CP070973.1,X7091,,"GCA_002101675.1,GCA_002786135.1,GCA_001417955.2,GCA_017086405.1"
grossiae,1.0,,1.0,GCA_008329645.1,CP043474.1,DSM_104744,,"GCA_001766635.1,GCA_008329645.1"
hackensackense,,1.0,1.0,GCF_025822555.1,NZ_JACKUC010000001.1,DSM_44833,,
haemophilum,1.0,1.0,1.0,GCA_000340435.3,CP011883.2,ATCC_29548,,"GCA_000340435.3,GCA_001021405.1"
hafniae,,1.0,,none,,,,
hassiacum,1.0,1.0,1.0,GCA_900603025.1,LR026975.1,DSM_44199,,"GCA_000379865.1,GCA_900603025.1"
heckeshornense,1.0,1.0,1.0,GCA_016861545.1,AP024310.1,JMUB5695,,"GCA_016592155.1,GCA_016861545.1"
heidelbergense,1.0,1.0,1.0,GCA_010730745.1,AP022615.1,JCM_14842,,"GCA_002086215.1,GCA_010730745.1"
helveticum,1.0,,1.0,GCF_007714205.1,NZ_VMQU01000001.1,16-83,,"GCA_007714205.1,GCA_021780175.1"
helvum,1.0,,1.0,GCA_010731895.1,AP022596.1,JCM_30396,,GCA_010731895.1
heraklionensis,1.0,1.0,1.0,GCA_019645815.1,CP080997.1,JCM_30995,,"GCA_001673575.1,GCA_001021505.1,GCA_019645815.1,GCA_024758765.1"
hiberniae,1.0,1.0,1.0,GCA_010729485.1,AP022609.1,JCM_13571,,"GCA_000972925.1,GCA_010729485.1"
hippocampi,1.0,1.0,,GCA_010723735.1,,,,"GCA_013390125.1,GCA_021731805.1,GCA_010723735.1"
hodleri,1.0,1.0,,GCF_025822245.1,,,,GCA_006439015.1
holsaticum,1.0,1.0,1.0,GCA_022558565.1,CP060018.1,DSM_44478,,"GCA_001722355.1,GCA_019645835.1"
houstonense,1.0,1.0,1.0,GCF_025823315.1,NZ_JACKVJ010000001.1,DSM_44676,,GCA_900078665.2
icosiumassiliensis,1.0,,1.0,GCF_900078685.2,NZ_LT546165.1,8WA6,,GCA_900078685.2
immunogenum,1.0,1.0,1.0,GCF_001605725.1,NZ_CP011530.1,CCUG_47286,,"GCA_001296255.1,GCA_001605725.1"
innocens,1.0,,,GCA_900566055.1,,,,"GCA_002705965.1,GCA_900566055.1"
insubricum,1.0,1.0,1.0,GCA_010731615.1,AP022618.1,JCM_16366,,"GCA_010731615.1,GCA_020438775.1"
interjectum,1.0,1.0,1.0,GCF_002102225.1,NZ_LQPB01000001.1,DSM_44064,,"GCA_900078675.2,GCA_002102225.1"
intermedium,1.0,1.0,1.0,GCF_002086275.1,NZ_MVHT01000001.1,DSM_44049,,"GCA_002024965.1,GCA_002086275.1"
intracellulare,1.0,1.0,1.0,GCA_020736005.1,CP085945.1,FDAARGOS_1564,,"GCA_001938095.1,GCA_020412405.1,GCA_000298095.1,GCA_021183785.1,GCA_000418535.2,GCA_001686645.1"
intracellulare_chimaera,1.0,1.0,1.0,GCF_002219285.1,CP015278.1,DSM_44623,,
intracellulare_yongonense,1.0,1.0,,GCF_000418535.1,CP003347.1,05-1390 (KCTC_19555),in manifest but not used,
iranicum,1.0,,1.0,GCF_002101705.1,NZ_LQPC01000001.1,DSM_45541,,"GCA_000455165.1,GCA_002101705.1,GCA_001650495.1,GCA_014190915.1"
kansasii,1.0,1.0,1.0,GCA_000157895.2,CP006835.1,ATCC_12478,,"GCA_000157895.2,GCA_001632965.1"
komanii,1.0,,1.0,GCA_001050035.1,NZ_CVTA01000001.1,GPK_1020,,GCA_001050035.1
koreensis,1.0,1.0,1.0,GCF_010731835.1,NZ_AP022594.1,JCM_19956,,"GCA_001722415.1,GCA_002104795.1"
kubicae,1.0,1.0,1.0,GCA_015689175.1,CP065047.1,JCM_13573,,"GCA_014263335.1,GCA_015689175.1"
kumamotonensis,1.0,1.0,1.0,GCF_001679965.1,NZ_LFOE01000001.1,Roo,,"GCA_002086285.1,GCA_010093495.1"
kyogaense,1.0,,1.0,GCF_003254575.1,NZ_QJUA01000001.1,NCTC_11659,,"GCA_001905565.1,GCA_003254575.1"
kyorinense,1.0,1.0,,GCA_002101735.1,,,,"GCA_000759695.1,GCA_002101735.1,GCA_001672775.1"
lacus,1.0,1.0,1.0,GCA_010731535.1,AP022581.1,JCM_15657,,"GCA_002102215.1,GCA_010731535.1"
lacusdiani,1.0,,1.0,GCF_021916785.1,NZ_JAKCFC010000001.1,JXJ CY 35,,GCA_021916785.1
lehmannii,1.0,,,GCF_001499925.1,,,,"GCA_001499915.1,GCA_002245535.1"
lentiflavum,1.0,1.0,1.0,GCA_022374895.2,CP092423.2,ATCC_51985,,"GCA_001373395.1,GCA_022374895.2"
leprae,1.0,,1.0,GCA_003253775.1,CP029543.1,MRHRU-235-G,,"GCA_000026685.1,GCA_000195855.1"
lepraemurium,1.0,,1.0,GCA_002291465.1,CP021238.1,Hawaii,,GCA_002291465.1
lepromatosis,1.0,,1.0,GCA_000975265.2,CP083405.1,FJ924,,"GCA_000966355.1,GCA_000975265.2"
litorale,1.0,1.0,1.0,GCA_010731695.1,AP022586.1,JCM_17423,,"GCA_004366555.1,GCA_010731695.1,GCA_002007745.1,GCA_014218295.1"
llatzerense,1.0,1.0,1.0,GCA_000878195.1,JXST01000001.1,CLUC_14,,"GCA_000746215.1,GCA_000878195.1"
longobardus,1.0,,1.0,GCF_025823135.1,NZ_JACKVG010000001.1,DSM_45394,,GCA_002102265.1
lutetiense,1.0,,,GCF_017876775.1,,,,GCA_017876775.1
madagascariense,1.0,1.0,1.0,GCA_010729665.1,AP022610.1,JCM_13574,,GCA_010729665.1
mageritense,1.0,1.0,1.0,GCA_010727475.1,AP022567.1,JCM_12375,,"GCA_010727475.1,GCA_020907445.1"
malmesburyense,1.0,,1.0,GCF_001050015.1,NZ_CVTB01000001.1,WCM_7299,,GCA_001050015.1
malmoense,1.0,1.0,1.0,GCA_019645855.1,CP080999.1,ATCC_29571,,"GCA_001870845.1,GCA_019645855.1"
manitobense,,1.0,1.0,GCF_025821665.1,NZ_JACKSJ010000001.1,DSM_44615,,
mantenii,1.0,1.0,1.0,GCA_010731775.1,AP022590.1,JCM_18113,,"GCA_001667695.1,GCA_010731775.1"
marinum,1.0,1.0,1.0,GCA_000723425.2,HG917972.2,E11,,"GCA_003391395.1,GCA_024341455.1"
marseillense,1.0,1.0,1.0,GCA_002285715.1,CP023147.1,FLAC0026,,"GCA_010731675.1,GCA_020217515.1"
mengxianglii,1.0,,1.0,GCA_015710575.2,CP065373.2,Z-34,,"GCA_015710575.2,GCA_015910525.1"
minnesotensis,1.0,1.0,1.0,GCA_010731755.1,AP022589.1,JCM_17932,,"GCA_002086405.1,GCA_010731755.1"
monacense,1.0,1.0,1.0,GCA_010731575.1,AP022617.1,JCM_15658,,"GCA_010731575.1,GCA_014194265.1"
montefiorense,1.0,1.0,1.0,GCF_003112775.1,NZ_BFCH01000001.1,BS,,"GCA_003112775.1,GCA_024341965.1"
moriokaense,1.0,1.0,1.0,GCA_010726085.1,AP022560.1,JCM_6375,,"GCA_002086395.1,GCA_010726085.1,GCA_003201655.1,GCA_003347205.1"
mucogenicum,1.0,,1.0,GCA_005670685.2,CP062008.1,DSM_44124,,"GCA_005670685.2,GCA_009192845.1"
mungi,1.0,,,GCF_001652545.1,,,,GCA_001652545.1
murale,,1.0,,GCF_010722995.1,,,,
nebraskense,1.0,1.0,1.0,GCF_002102255.1,NZ_LQPH01000001.1,DSM_44803,,"GCA_001021495.1,GCA_002102255.1"
neglectum,1.0,1.0,,GCF_002591975.1,,,,GCA_002591975.1
neoaurum,1.0,1.0,1.0,GCA_018363015.1,CP074376.1,MN2019,,"GCA_000691525.1,GCA_023411105.1,GCA_000317305.3,GCA_003367335.1"
neolactis,,1.0,,none,,,,
neworleansense,1.0,1.0,1.0,GCF_001245615.1,NZ_CWKH01000001.1,ATCC_49404T,,GCA_001245615.1
nivoides,,,,GCA_003855255.1,CP034072.1,DL90,in manifest but not used,
nonchromogenicus,1.0,1.0,1.0,GCF_002101775.1,NZ_LQPI01000001.1,DSM_44164,,"GCA_001672655.1,GCA_002101775.1"
noviomagense,1.0,,1.0,GCA_010731635.1,AP022583.1,JCM_16367,,"GCA_002086415.1,GCA_010731635.1"
novocastrense,1.0,1.0,1.0,GCA_024584685.1,CP097264.1,UDSM_BC02,,"GCA_001500045.1,GCA_001570485.1"
novum,,1.0,1.0,GCA_010726505.1,AP022562.1,JCM_6391,,
numidiamassiliense,1.0,,,GCF_900157365.1,,,,GCA_900157365.1
obuense,,1.0,,GCF_004359005.1,,,,
orygis,1,,,GCF_006385035.1,,,no designated ref on ncbi,"GCA_000353205.1,GCA_006385035.1"
ostraviense,1.0,,1.0,GCA_021183725.1,CP089224.1,FDAARGOS_1613,,"GCA_001632895.1,GCA_002705925.1"
palauense,1.0,,1.0,GCA_002592005.1,NVQF01000001.1,CECT_8779,,GCA_002592005.1
pallens,,1.0,1.0,GCA_019456675.1,CP080333.1,JCM_16370,,
palustre,1.0,1.0,1.0,GCF_002101785.1,NZ_LQPJ01000001.1,DSM_44572,,GCA_002101785.1
paraense,1.0,,1.0,GCF_002101815.1,NZ_LQPM01000001.1,IEC26,,"GCA_002101815.1,GCA_002102305.1"
paraffinicum,1.0,1.0,,GCF_025822865.1,,,,GCA_001907675.1
parafortuitum,1.0,1.0,1.0,GCA_010725485.1,AP022598.1,JCM_6367,,"GCA_002086815.1,GCA_900417285.1"
paragordonae,1.0,,1.0,GCA_003614435.1,CP025546.1,49061,,"GCA_001673255.1,GCA_003614435.1"
paraintracellulare,,,1.0,GCA_016756055.1,AP024251.1,M011,,
parakoreensis,1.0,,1.0,GCA_022370835.2,CP092365.1,DSM_45575,,GCA_022370835.1
parascrofulaceum,1.0,1.0,1.0,GCF_000164135.1,NZ_GG770553.1,ATCC_BAA-614,,"GCA_000164135.1,GCA_001686665.1"
paraseoulense,1.0,1.0,1.0,GCA_010731655.1,AP022619.1,JCM_16952,,"GCA_002086475.1,GCA_010731655.1"
paraterrae,1.0,1.0,1.0,GCA_022430545.2,CP092488.2,DSM_45127,,GCA_022430545.1
parmense,1.0,,1.0,GCA_010730575.1,AP022614.1,JCM_14742,,"GCA_002102335.1,GCA_010730575.1"
peregrinum,1.0,1.0,1.0,GCF_001403655.1,NZ_LN879423.1,CSUR_P2098,,"GCA_001403655.1,GCA_002102345.1,GCA_001665785.1,GCA_001665625.1,GCA_001667205.1"
persicum,1.0,,1.0,GCF_002086915.1,NZ_MWQA01000001.1,12MK,,"GCA_002086675.1,GCA_902825395.1"
petroleophilum,,1.0,,none,,,,
phlei,1.0,1.0,1.0,GCA_001583415.1,CP014475.1,NCTC_8151,,"GCA_000257725.1,GCA_001583415.1"
phocaicum,1.0,1.0,1.0,GCA_010731115.1,AP022616.1,JCM_15301,,"GCA_001556905.1,GCA_010731115.1"
porcinum,1.0,1.0,1.0,GCF_002086835.1,MVIG01000001.1,IP141460001,,"GCA_001686675.1,GCA_002086835.1,GCA_001942045.1"
poriferae,1.0,1.0,1.0,GCA_010728325.1,AP022570.1,JCM_12603,,"GCA_009363295.1,GCA_010728325.1"
pseudokansasii,1.0,,1.0,GCF_900566075.1,NZ_UPHU01000001.1,MK142,,"GCA_900566025.1,GCA_900566075.1"
pseudoshottsii,,1.0,,GCA_003584745.1,AP018410.1,JCM_15466,in manifest but not used,
psychrotolerans,1.0,1.0,1.0,GCA_010729305.1,AP022574.1,JCM_13323,,"GCA_001428285.1,GCA_010729305.1"
pulveris,1.0,1.0,1.0,GCA_010725725.1,AP022599.1,JCM_6370,,GCA_010725725.1
pyrenivorans,,1.0,,GCF_025821625.1,,,,
ratisbonense,,1.0,,none,,,,
rhizamassiliense,1.0,,,GCF_900157375.1,,,,GCA_900157375.1
rhodesiae,1.0,1.0,1.0,GCF_002086695.1,NZ_MVIH01000001.1,DSM_44223,,"GCA_002086695.1,GCA_000230895.3,GCA_000230935.2"
riyadhense,1.0,1.0,,GCF_963853645.1,,,,"GCA_002101845.1,GCA_905219475.1"
rufum,1.0,1.0,1.0,GCA_022374875.3,CP092427.2,JCM_16372,,"GCA_000762985.1,GCA_022374875.1"
runyonii,,1.0,,none,,,,
rutilum,1.0,1.0,1.0,GCA_900108565.1,LT629971.1,DSM_45405,,GCA_900108565.1
salmoniphilum,1.0,1.0,1.0,GCF_004924335.1,NZ_CP024633.1,DSM_43276,,"GCA_002013645.1,GCA_004924335.1"
saopaulense,1.0,,1.0,GCA_001456355.1,CP010271.1,EPM10906,,"GCA_001456355.1,GCA_002086715.1"
sarraceniae,1.0,,1.0,GCA_010731875.1,AP022595.1,JCM_30395,,GCA_010731875.1
saskatchewanense,1.0,1.0,1.0,GCA_010729105.1,AP022573.1,JCM_13016,,"GCA_002101875.1,GCA_010729105.1"
scrofulaceum,1.0,1.0,,GCF_002086735.1,,,,"GCA_002086735.1,GCA_001667885.1,GCA_001672575.1"
sediminis,1.0,,1.0,GCA_010731735.1,AP022588.1,JCM_17899,,GCA_010731735.1
selandiae,,1.0,,none,,,,
senegalense,1.0,,1.0,GCA_019645875.1,CP081000.1,ATCC_35796,,"GCA_001012795.1,GCA_019645875.1"
senriense,1.0,,,GCF_019668465.1,NZ_AP024828.1,TY59,in manifest but not used,GCA_019668465.1
senuense,1.0,1.0,,GCF_010723225.1,,,,"GCA_002101885.1,GCA_010723225.1"
seoulense,1.0,1.0,,GCA_010731595.1,AP022582.1,JCM_16018,in manifest but not used,GCA_010731595.1
septicum,1.0,1.0,1.0,GCA_016919345.1,CP070349.1,PDNC012,,"GCA_000455325.1,GCA_016919345.1"
setense,1.0,1.0,1.0,GCF_000805375.1,NZ_JTLZ01000001.1,Manresensis,,"GCA_000805385.1,GCA_900236745.1"
sherrisii,1.0,1.0,1.0,GCF_002102355.1,NZ_LQPT01000001.1,ATCC_BAA-832,,"GCA_001722325.1,GCA_002102355.1"
shigaense,1.0,,1.0,GCA_002356315.1,AP018164.1,JCM_32072,,"GCA_002356315.1,GCA_002983495.1"
shimoidei,1.0,1.0,1.0,GCF_900417275.1,NZ_UEGW01000001.1,P7336,,"GCA_001722445.1,GCA_002101905.1"
shinjukuense,1.0,1.0,1.0,GCA_010730055.1,AP022575.1,JCM_14233,,"GCA_002086755.1,GCA_010730055.1"
simiae,1.0,1.0,1.0,GCA_010727605.1,AP022568.1,JCM_12377,,"GCA_002093075.1,GCA_010727605.1,GCA_008370645.1"
simulans,1.0,,1.0,GCF_900232995.1,NZ_OCVX01000001.1,FI-09026,,"GCA_900232515.1,GCA_900232995.1"
sinense,1.0,,,GCF_000214155.1,,,,"GCA_001667375.1,GCA_001667395.1,GCA_001667945.1,GCA_001672735.1"
smegmatis,1.0,1.0,1.0,GCA_013349145.1,CP054795.1,FDAARGOS_679,,"GCA_001457595.1,GCA_024085075.1"
sphagni,1.0,1.0,1.0,GCF_002250655.1,NOZR01000001.1,ATCC_33027,,GCA_002250655.1
spongiae,1.0,,1.0,GCA_018278905.1,CP046600.1,FSD4b-SM,,GCA_018278905.1
stellerae,1.0,,1.0,GCF_003719305.1,NZ_RARC01000001.1,CECT_8783,,GCA_003719305.1
stephanolepidis,1.0,,1.0,GCF_002356335.1,NZ_AP018165.1,NJB0901,,GCA_002356335.1
stomatepiae,1.0,,1.0,GCA_010731715.1,AP022587.1,JCM_17783,,GCA_010731715.1
syngnathidarum,1.0,,1.0,GCF_001942625.1,NZ_MLCL01000001.1,27335,,"GCA_001756795.1,GCA_001942625.1"
szulgai,1.0,1.0,1.0,GCF_002116635.1,NZ_LQPW01000001.1,DSM_44166,,GCA_002116635.1
talmoniae,1.0,,,GCF_001854525.1,,,,"GCA_002967005.1,GCA_004354905.1"
terrae,1.0,1.0,1.0,GCA_900187145.1,LT906469.1,NCTC10856,,"GCA_002101955.1,GCA_010727125.1"
terramassiliense,1.0,,,GCF_900157385.1,,,,GCA_900157385.1
thermoresistibile,1.0,1.0,1.0,GCA_900187065.1,LT906483.1,NCTC10409,,"GCA_000234585.2,GCA_900187065.1"
tilburgii,1.0,,,GCF_902168065.1,,,,GCA_902168065.1
timonense,,1.0,,GCF_025821985.1,,,,
tokaiense,1.0,,1.0,GCA_010725885.1,AP022600.1,JCM_6373,,"GCA_010725885.1,GCA_900453365.1"
tomidae,,1.0,,none,,,,
triplex,1.0,1.0,1.0,GCF_000689255.1,NZ_HG964446.1,DSM_44626,,"GCA_000689255.1,GCA_002102415.1"
trivialis,1.0,,1.0,GCF_002102395.1,NZ_LQPZ01000001.1,DSM_44153,,GCA_002102395.1
tuberculosis,1.0,1.0,1.0,GCA_000195955.2,AL123456.3,H37Rv,,"GCA_000195955.2,GCA_003396065.1,GCA_000666205.1,GCA_002982335.1,GCA_002982225.1,GCA_014489215.1,GCA_002982215.1,GCA_904810365.1,GCA_002982275.1,GCA_003027795.2"
tusciae,1.0,1.0,1.0,GCF_002086795.1,NZ_MVIM01000001.1,DSM_44338,,"GCA_002086795.1,GCA_000243415.3"
uberis,1.0,,,GCF_003408705.1,,,,GCA_003408705.1
ulcerans,,1.0,,GCF_002355775.1,,,,
vaccae,1.0,1.0,1.0,GCA_001655245.1,CP011491.1,95051,,"GCA_000295825.1,GCA_001552715.1"
vanbaalenii,1.0,1.0,1.0,GCA_000015305.1,CP000511.1,PYR1,,GCA_902705885.1
vicinigordonae,1.0,,1.0,GCA_013466425.1,NZ_CP059165.1,24,,GCA_013466425.1
vinylchloridicum,1.0,,1.0,GCF_013404075.1,NZ_JACBJQ010000001.1,CECT_8761,,GCA_013404075.1
virginiensis,1.0,,1.0,GCA_022374935.2,CP092430.2,DSM_100883,,"GCA_001666995.1,GCA_022374935.2"
vulneris,1.0,1.0,1.0,GCF_002104765.1,NCXM01000001.1,DSM_45247,,GCA_002104765.1
wolinskyi,1.0,1.0,1.0,GCF_002101965.1,NZ_LQQA01000001.1,ATCC_700010,,"GCA_001545135.1,GCA_002101965.1"
xenopi,1.0,1.0,1.0,GCA_009936235.1,AP022314.1,JCM_15661T,,"GCA_000523715.1,GCA_009936235.1"
yunnanensis,,1.0,,GCF_025823185.1,,,,
