reference,ncbi,mykrobe,walker
M.abscessus,True,True,True
M.acapulense,False,False,True
M.acidiphilus,True,True,False
M.adipatum,True,False,False
M.aemonae,False,False,True
M.agri,True,True,True
M.ahvazicum,True,True,False
M.aichiense,True,True,True
M.algericus,True,True,True
M.alkanivorans,True,True,False
M.alsense,True,True,False
M.alvei,True,True,True
M.angelicum,True,True,True
M.anyangense,True,True,False
M.appelbergii,True,False,False
M.aquaticum,True,True,False
M.arabiense,True,True,False
M.arenosum,True,False,False
M.aromaticivorans,True,True,True
M.arosiense,True,True,True
M.arseniciresistens,True,False,False
M.arupensis,True,True,True
M.asiaticum,True,True,True
M.asteroides,False,False,True
M.attenuatum,True,True,False
M.aubagnense,True,True,True
M.aurum,True,True,True
M.austroafricanum,True,True,True
M.avium,True,True,True
M.bacteremicum,True,True,True
M.baixiangningiae,True,True,False
M.barrassiae,True,False,False
M.basiliense,True,True,False
M.boenickei,True,True,True
M.bohemicum,True,True,True
M.botniense,True,True,False
M.bouchedurhonense,True,False,True
M.bourgelatii,True,True,False
M.branderi,True,True,True
M.brisbanense,True,True,True
M.brumae,True,True,True
M.bulgaricum,True,False,False
M.burgundiense,True,False,False
M.canariasense,True,True,True
M.canetti,True,True,True
M.celatum,True,True,True
M.celeriflavum,True,True,False
M.chelonae,True,True,True
M.chitae,True,True,True
M.chlorophenolicum,True,True,True
M.chubuense,True,True,False
M.colombiense,True,True,True
M.conceptionense,True,False,True
M.confluentis,True,True,True
M.conspicuum,True,True,False
M.cookii,True,True,False
M.cosmeticum,True,True,True
M.crassicus,True,False,False
M.crocinum,True,True,True
M.decipiens,True,True,False
M.deserti,True,False,False
M.diernhoferi,True,True,True
M.dioxanotrophicus,True,True,False
M.doricum,True,True,True
M.duvalii,True,True,True
M.elephantis,True,True,True
M.engbaekii,True,True,False
M.erythropolis,False,False,True
M.europaeum,True,True,True
M.fallax,True,True,True
M.farcinogenes,True,False,True
M.flavescens,True,True,True
M.florentinum,True,True,True
M.fluoranthenivorans,True,True,True
M.fortuitum,True,True,True
M.fortunisiensis,True,True,False
M.fragae,True,True,False
M.franklinii,True,True,False
M.frederiksbergense,True,True,True
M.gadium,True,True,True
M.gallinarum,True,True,True
M.gastri,True,True,False
M.genavense,True,True,True
M.gilvum,True,True,False
M.goodii,True,True,True
M.gordonae,True,True,True
M.grossiae,True,True,False
M.hackensackense,True,False,True
M.haemophilum,True,True,True
M.hafniae,False,False,True
M.hassiacum,True,True,True
M.heckeshornense,True,True,True
M.heidelbergense,True,True,True
M.helveticum,True,True,False
M.helvum,True,True,False
M.heraklionensis,True,True,True
M.hiberniae,True,True,True
M.hippocampi,True,True,True
M.hippophais,True,False,False
M.hodleri,True,True,True
M.holsaticum,True,True,True
M.holstebronense,True,False,False
M.houstonense,True,True,True
M.hubeiense,True,False,False
M.icosiumassiliensis,True,True,False
M.immunogenum,True,True,True
M.innocens,True,True,False
M.insubricum,True,True,True
M.interjectum,True,True,True
M.intermedium,True,True,True
M.intracellulare,True,True,True
M.iranicum,True,True,False
M.kansasii,True,True,True
M.kiyosense,True,False,False
M.kokjensenii,True,False,False
M.komanii,False,True,False
M.komossense,True,False,False
M.koreensis,True,True,True
M.kubicae,True,True,True
M.kumamotonensis,True,True,True
M.kyogaense,True,True,False
M.kyorinense,True,True,True
M.lacus,True,True,True
M.lacusdiani,True,True,False
M.lehmannii,True,True,False
M.lentiflavum,True,True,True
M.leprae,True,True,False
M.lepraemurium,False,True,False
M.lepromatosis,True,True,False
M.litorale,True,True,True
M.llatzerense,True,True,True
M.longobardus,True,True,False
M.lutetiense,True,True,False
M.madagascariense,True,True,True
M.mageritense,True,True,True
M.malmesburyense,False,True,False
M.malmoense,True,True,True
M.manitobense,True,False,True
M.mantenii,True,True,True
M.marinum,True,True,True
M.marseillense,True,True,True
M.mengxianglii,True,True,False
M.methanotrophicum,True,False,False
M.minnesotensis,True,True,True
M.monacense,True,True,True
M.montefiorense,True,True,True
M.moriokaense,True,True,True
M.mucogenicum,True,True,False
M.mungi,False,True,False
M.murale,True,False,True
M.nativiensis,True,False,False
M.nebraskense,True,True,True
M.neglectum,True,True,True
M.neoaurum,True,True,True
M.neolactis,False,False,True
M.neumannii,True,False,False
M.neworleansense,True,True,True
M.nivoides,True,False,False
M.nonchromogenicus,True,True,True
M.noviomagense,True,True,False
M.novocastrense,True,True,True
M.novum,True,False,True
M.numidiamassiliense,True,True,False
M.obuense,True,False,True
M.orygis,False,True,False
M.ostraviense,True,True,False
M.palauense,True,True,False
M.pallens,True,False,True
M.palustre,True,True,True
M.paraense,True,True,False
M.paraffinicum,True,True,True
M.parafortuitum,True,True,True
M.paragordonae,True,True,False
M.paraintracellulare,True,False,False
M.parakoreensis,True,True,False
M.parascrofulaceum,True,True,True
M.paraseoulense,True,True,True
M.paraterrae,True,True,True
M.parmense,True,True,False
M.peregrinum,True,True,True
M.persicum,True,True,False
M.petroleophilum,False,False,True
M.phlei,True,True,True
M.phocaicum,True,True,True
M.pinniadriaticum,True,False,False
M.porcinum,True,True,True
M.poriferae,True,True,True
M.pseudokansasii,True,True,False
M.pseudoshottsii,True,False,True
M.pseudotuberculosis,False,False,True
M.psychrotolerans,True,True,True
M.pulveris,True,True,True
M.pyrenivorans,True,False,True
M.rhizamassiliense,True,True,False
M.rhodesiae,True,True,True
M.riyadhense,True,True,True
M.rufum,True,True,True
M.runyonii,False,False,True
M.rutilum,True,True,True
M.salmoniphilum,True,True,True
M.saopaulense,True,True,False
M.sarraceniae,True,True,False
M.saskatchewanense,True,True,True
M.scrofulaceum,True,True,True
M.sediminis,True,True,False
M.selandiae,False,False,True
M.senegalense,True,True,False
M.senriense,True,True,False
M.senuensis,True,True,True
M.seoulense,True,True,True
M.septicum,True,True,True
M.servetii,True,False,False
M.setense,True,True,True
M.sherrisii,True,True,True
M.shigaense,True,True,False
M.shimoidei,True,True,True
M.shinjukuense,True,True,True
M.shottsii,True,False,False
M.simiae,True,True,True
M.simulans,True,True,False
M.sinensis,True,True,False
M.smegmatis,True,True,True
M.sp. 'ratisbonense',False,False,True
M.sp. NCTC 13472,False,False,True
M.sphagni,True,True,True
M.spongiae,True,True,False
M.stellerae,True,True,False
M.stephanolepidis,True,True,False
M.stomatepiae,True,True,False
M.syngnathidarum,True,True,False
M.szulgai,True,True,True
M.talmoniae,True,True,False
M.terrae,True,True,True
M.terramassiliense,True,True,False
M.thermoresistibile,True,True,True
M.tilburgii,True,True,False
M.timonense,True,False,True
M.tokaiense,True,True,False
M.triplex,True,True,True
M.trivialis,True,True,False
M.tuberculosis,True,True,True
M.tusciae,True,True,True
M.uberis,True,True,False
M.ulcerans,True,False,True
M.vaccae,True,True,True
M.vanbaalenii,True,True,True
M.vasticus,True,False,False
M.vicinigordonae,True,True,False
M.vinylchloridicum,True,True,False
M.virginiensis,True,True,False
M.vulneris,True,True,True
M.wendilense,True,False,False
M.wolinskyi,True,True,True
M.wuenschmannii,True,False,False
M.xanthum,True,False,False
M.xenopi,True,True,True
M.yunnanensis,True,False,True
M.zoologicum,True,False,False
