reference,mykrobe_accessions
M.abscessus,"GCA_000611915.1,GCA_900137745.1,GCA_000239035.2,GCA_900134285.1,GCA_000239055.2,GCA_900138855.1"
M.acidiphilus,GCA_018455725.1
M.agri,"GCA_002553505.1,GCA_010722915.1"
M.ahvazicum,GCA_900176255.2
M.aichiense,"GCA_010726245.1,GCA_900453085.1"
M.algericus,"GCA_002086455.1,GCA_010726505.1,GCA_003284925.1"
M.alkanivorans,GCA_022760805.1
M.alsense,"GCA_001666815.1,GCA_002086635.1"
M.alvei,GCA_010727325.1
M.angelicum,GCA_002086155.1
M.anyangense,GCA_010731855.1
M.aquaticum,GCA_002086485.1
M.arabiense,GCA_010731815.2
M.aromaticivorans,GCA_000559085.2
M.arosiense,"GCA_002086125.1,GCA_003284935.1"
M.arupensis,"GCA_000972915.1,GCA_002086515.1"
M.asiaticum,"GCA_000613245.1,GCA_001669345.1,GCA_001673365.1,GCA_001673315.1,GCA_001673345.1,GCA_001673635.1,GCA_001668675.1"
M.attenuatum,"GCA_900566085.1,GCA_900566105.1"
M.aubagnense,"GCA_005670695.1,GCA_010730955.1"
M.aurum,"GCA_001049355.1,GCA_900637195.1,GCA_023388645.1,GCA_900078775.1"
M.austroafricanum,"GCA_000612725.1,GCA_002968275.1"
M.avium,"GCA_000504945.1,GCA_009741445.1,GCA_000500005.1,GCA_900079425.1,GCA_000240525.2,GCA_002208705.2,GCA_000504975.1"
M.bacteremicum,"GCA_002086115.1,GCA_943913955.1"
M.baixiangningiae,"GCA_014893035.1,GCA_016313185.1"
M.basiliense,GCA_900292015.1
M.boenickei,"GCA_002553535.1,GCA_010731295.1"
M.bohemicum,"GCA_001053185.1,GCA_002102025.1"
M.botniense,GCA_010723305.1
M.bourgelatii,GCA_010723575.1
M.branderi,"GCA_002086575.1,GCA_010728725.1"
M.brisbanense,"GCA_000455145.1,GCA_001570425.1"
M.brumae,"GCA_002553575.2,GCA_004014795.1"
M.canariasense,"GCA_001570445.1,GCA_002101555.1"
M.canetti,"GCA_000253375.1,GCA_000343935.1"
M.celatum,"GCA_000974705.1,GCA_002101595.1"
M.celeriflavum,"GCA_001667065.1,GCA_010731795.1"
M.chelonae,"GCA_014204435.1,GCA_004355245.1,GCA_003390495.1"
M.chitae,"GCA_010727725.1,GCA_900637205.1"
M.chlorophenolicum,"GCA_001044235.1,GCA_001552315.1"
M.chubuense,"GCA_001044255.1,GCA_002086595.1,GCA_000266905.1"
M.colombiense,"GCA_000222105.4,GCA_002105755.1,GCA_001665835.1,GCA_001953985.1,GCA_001954115.1,GCA_001672755.1"
M.confluentis,"GCA_010729895.1,GCA_023432245.1"
M.conspicuum,"GCA_002102095.1,GCA_010730195.1"
M.cookii,GCA_010727945.1
M.cosmeticum,"GCA_000613185.1,GCA_005670675.1,GCA_016197365.1"
M.crocinum,"GCA_022370635.1,GCA_023390855.1"
M.decipiens,GCA_002104675.1
M.diernhoferi,"GCA_019456655.1,GCA_023417175.1"
M.dioxanotrophicus,GCA_002157835.1
M.doricum,"GCA_002102115.1,GCA_010728155.1"
M.duvalii,"GCA_002553585.1,GCA_010726645.1"
M.elephantis,"GCA_001005175.1,GCA_004014805.1"
M.engbaekii,GCA_002101585.1
M.europaeum,"GCA_001373515.1,GCA_002102155.1,GCA_001669335.1,GCA_003284975.1"
M.fallax,"GCA_010726955.1,GCA_022710465.1"
M.flavescens,"GCA_002245615.1,GCA_900637135.1,GCA_001722335.1"
M.florentinum,"GCA_002101635.1,GCA_010730355.1"
M.fluoranthenivorans,"GCA_011758805.1,GCA_900100615.1"
M.fortuitum,"GCA_001570465.1,GCA_000295855.1,GCA_022179545.1"
M.fortunisiensis,GCA_019050325.1
M.fragae,"GCA_002102185.1,GCA_020622285.1"
M.franklinii,"GCA_002013895.1,GCA_011064445.1"
M.frederiksbergense,"GCA_012223425.1,GCA_019745175.1"
M.gadium,GCA_010728925.1
M.gallinarum,GCA_010726765.1
M.gastri,"GCA_000521195.1,GCA_002102175.1"
M.genavense,GCA_000526915.1
M.gilvum,"GCA_019148985.1,GCA_900454025.1"
M.goodii,"GCA_018524325.1,GCA_022370755.2,GCA_001187505.1"
M.gordonae,"GCA_002101675.1,GCA_002786135.1,GCA_001417955.2,GCA_017086405.1"
M.grossiae,"GCA_001766635.1,GCA_008329645.1"
M.haemophilum,"GCA_000340435.3,GCA_001021405.1"
M.hassiacum,"GCA_000379865.1,GCA_900603025.1"
M.heckeshornense,"GCA_016592155.1,GCA_016861545.1"
M.heidelbergense,"GCA_002086215.1,GCA_010730745.1"
M.helveticum,"GCA_007714205.1,GCA_021780175.1"
M.helvum,GCA_010731895.1
M.heraklionensis,"GCA_001673575.1,GCA_001021505.1,GCA_019645815.1,GCA_024758765.1"
M.hiberniae,"GCA_000972925.1,GCA_010729485.1"
M.hippocampi,"GCA_013390125.1,GCA_021731805.1,GCA_010723735.1"
M.hodleri,GCA_006439015.1
M.holsaticum,"GCA_001722355.1,GCA_019645835.1"
M.houstonense,GCA_900078665.2
M.icosiumassiliensis,GCA_900078685.2
M.immunogenum,"GCA_001296255.1,GCA_001605725.1"
M.innocens,"GCA_002705965.1,GCA_900566055.1"
M.insubricum,"GCA_010731615.1,GCA_020438775.1"
M.interjectum,"GCA_900078675.2,GCA_002102225.1"
M.intermedium,"GCA_002024965.1,GCA_002086275.1"
M.intracellulare,"GCA_001938095.1,GCA_020412405.1,GCA_000298095.1,GCA_021183785.1,GCA_000418535.2,GCA_001686645.1"
M.iranicum,"GCA_000455165.1,GCA_002101705.1,GCA_001650495.1,GCA_014190915.1"
M.kansasii,"GCA_000157895.2,GCA_001632965.1"
M.komanii,GCA_001050035.1
M.koreensis,"GCA_001722415.1,GCA_002104795.1"
M.kubicae,"GCA_014263335.1,GCA_015689175.1"
M.kumamotonensis,"GCA_002086285.1,GCA_010093495.1"
M.kyogaense,"GCA_001905565.1,GCA_003254575.1"
M.kyorinense,"GCA_000759695.1,GCA_002101735.1,GCA_001672775.1"
M.lacus,"GCA_002102215.1,GCA_010731535.1"
M.lacusdiani,GCA_021916785.1
M.lehmannii,"GCA_001499915.1,GCA_002245535.1"
M.lentiflavum,"GCA_001373395.1,GCA_022374895.2"
M.leprae,"GCA_000026685.1,GCA_000195855.1"
M.lepraemurium,GCA_002291465.1
M.lepromatosis,"GCA_000966355.1,GCA_000975265.2"
M.litorale,"GCA_004366555.1,GCA_010731695.1,GCA_002007745.1,GCA_014218295.1"
M.llatzerense,"GCA_000746215.1,GCA_000878195.1"
M.longobardus,GCA_002102265.1
M.lutetiense,GCA_017876775.1
M.madagascariense,GCA_010729665.1
M.mageritense,"GCA_010727475.1,GCA_020907445.1"
M.malmesburyense,GCA_001050015.1
M.malmoense,"GCA_001870845.1,GCA_019645855.1"
M.mantenii,"GCA_001667695.1,GCA_010731775.1"
M.marinum,"GCA_003391395.1,GCA_024341455.1"
M.marseillense,"GCA_010731675.1,GCA_020217515.1"
M.mengxianglii,"GCA_015710575.2,GCA_015910525.1"
M.minnesotensis,"GCA_002086405.1,GCA_010731755.1"
M.monacense,"GCA_010731575.1,GCA_014194265.1"
M.montefiorense,"GCA_003112775.1,GCA_024341965.1"
M.moriokaense,"GCA_002086395.1,GCA_010726085.1,GCA_003201655.1,GCA_003347205.1"
M.mucogenicum,"GCA_005670685.2,GCA_009192845.1"
M.mungi,GCA_001652545.1
M.nebraskense,"GCA_001021495.1,GCA_002102255.1"
M.neglectum,GCA_002591975.1
M.neoaurum,"GCA_000691525.1,GCA_023411105.1,GCA_000317305.3,GCA_003367335.1"
M.neworleansense,GCA_001245615.1
M.nonchromogenicus,"GCA_001672655.1,GCA_002101775.1"
M.noviomagense,"GCA_002086415.1,GCA_010731635.1"
M.novocastrense,"GCA_001500045.1,GCA_001570485.1"
M.numidiamassiliense,GCA_900157365.1
M.orygis,"GCA_000353205.1,GCA_006385035.1"
M.ostraviense,"GCA_001632895.1,GCA_002705925.1"
M.palauense,GCA_002592005.1
M.palustre,GCA_002101785.1
M.paraense,"GCA_002101815.1,GCA_002102305.1"
M.paraffinicum,GCA_001907675.1
M.parafortuitum,"GCA_002086815.1,GCA_900417285.1"
M.paragordonae,"GCA_001673255.1,GCA_003614435.1"
M.parakoreensis,GCA_022370835.1
M.parascrofulaceum,"GCA_000164135.1,GCA_001686665.1"
M.paraseoulense,"GCA_002086475.1,GCA_010731655.1"
M.paraterrae,GCA_022430545.1
M.parmense,"GCA_002102335.1,GCA_010730575.1"
M.peregrinum,"GCA_001403655.1,GCA_002102345.1,GCA_001665785.1,GCA_001665625.1,GCA_001667205.1"
M.persicum,"GCA_002086675.1,GCA_902825395.1"
M.phlei,"GCA_000257725.1,GCA_001583415.1"
M.phocaicum,"GCA_001556905.1,GCA_010731115.1"
M.porcinum,"GCA_001686675.1,GCA_002086835.1,GCA_001942045.1"
M.poriferae,"GCA_009363295.1,GCA_010728325.1"
M.pseudokansasii,"GCA_900566025.1,GCA_900566075.1"
M.psychrotolerans,"GCA_001428285.1,GCA_010729305.1"
M.pulveris,GCA_010725725.1
M.rhizamassiliense,GCA_900157375.1
M.rhodesiae,"GCA_002086695.1,GCA_000230895.3,GCA_000230935.2"
M.riyadhense,"GCA_002101845.1,GCA_905219475.1"
M.rufum,"GCA_000762985.1,GCA_022374875.1"
M.rutilum,GCA_900108565.1
M.salmoniphilum,"GCA_002013645.1,GCA_004924335.1"
M.saopaulense,"GCA_001456355.1,GCA_002086715.1"
M.sarraceniae,GCA_010731875.1
M.saskatchewanense,"GCA_002101875.1,GCA_010729105.1"
M.scrofulaceum,"GCA_002086735.1,GCA_001667885.1,GCA_001672575.1"
M.sediminis,GCA_010731735.1
M.senegalense,"GCA_001012795.1,GCA_019645875.1"
M.senriense,GCA_019668465.1
M.senuensis,"GCA_002101885.1,GCA_010723225.1"
M.seoulense,GCA_010731595.1
M.septicum,"GCA_000455325.1,GCA_016919345.1"
M.setense,"GCA_000805385.1,GCA_900236745.1"
M.sherrisii,"GCA_001722325.1,GCA_002102355.1"
M.shigaense,"GCA_002356315.1,GCA_002983495.1"
M.shimoidei,"GCA_001722445.1,GCA_002101905.1"
M.shinjukuense,"GCA_002086755.1,GCA_010730055.1"
M.simiae,"GCA_002093075.1,GCA_010727605.1,GCA_008370645.1"
M.simulans,"GCA_900232515.1,GCA_900232995.1"
M.sinensis,"GCA_001667375.1,GCA_001667395.1,GCA_001667945.1,GCA_001672735.1"
M.smegmatis,"GCA_001457595.1,GCA_024085075.1"
M.sphagni,GCA_002250655.1
M.spongiae,GCA_018278905.1
M.stellerae,GCA_003719305.1
M.stephanolepidis,GCA_002356335.1
M.stomatepiae,GCA_010731715.1
M.syngnathidarum,"GCA_001756795.1,GCA_001942625.1"
M.szulgai,GCA_002116635.1
M.talmoniae,"GCA_002967005.1,GCA_004354905.1"
M.terrae,"GCA_002101955.1,GCA_010727125.1"
M.terramassiliense,GCA_900157385.1
M.thermoresistibile,"GCA_000234585.2,GCA_900187065.1"
M.tilburgii,GCA_902168065.1
M.tokaiense,"GCA_010725885.1,GCA_900453365.1"
M.triplex,"GCA_000689255.1,GCA_002102415.1"
M.trivialis,GCA_002102395.1
M.tuberculosis,"GCA_000729755.1,GCA_002982285.1,GCA_000195955.2,GCA_003396065.1,GCA_000666205.1,GCA_002982335.1,GCA_002982225.1,GCA_014489215.1,GCA_002982215.1,GCA_904810365.1,GCA_002982275.1,GCA_003027795.2"
M.tusciae,"GCA_002086795.1,GCA_000243415.3"
M.uberis,GCA_003408705.1
M.vaccae,"GCA_000295825.1,GCA_001552715.1"
M.vanbaalenii,GCA_902705885.1
M.vicinigordonae,GCA_013466425.1
M.vinylchloridicum,GCA_013404075.1
M.virginiensis,"GCA_001666995.1,GCA_022374935.2"
M.vulneris,GCA_002104765.1
M.wolinskyi,"GCA_001545135.1,GCA_002101965.1"
M.xenopi,"GCA_000523715.1,GCA_009936235.1"
