run_accession,sample_accession,experiment_accession,study_accession,tax_id,scientific_name,walker_taxon,strain,comid,library_name,fastq_ftp,bucket_id
SRR30899405,SAMN44081154,SRX26303002,PRJNA1169681,431269,Mycolicibacterium setense,Mycobacterium setense,JCM_15660,C00018263,e3af1098-d11b-47c7-8000-cafc88012af2,ftp.sra.ebi.ac.uk/vol1/fastq/SRR308/005/SRR30899405/SRR30899405_1.fastq.gz;ftp.sra.ebi.ac.uk/vol1/fastq/SRR308/005/SRR30899405/SRR30899405_2.fastq.gz,07e62224-c6af-4175-83fe-ae46944d8912
SRR30899406,SAMN44081153,SRX26303001,PRJNA1169681,404941,Mycobacteroides salmoniphilum,Mycobacterium salmoniphilum,DSMZ43276,C00021878,3f56ce68-520d-4331-99d9-f3b45a3b79e2,ftp.sra.ebi.ac.uk/vol1/fastq/SRR308/006/SRR30899406/SRR30899406_1.fastq.gz;ftp.sra.ebi.ac.uk/vol1/fastq/SRR308/006/SRR30899406/SRR30899406_2.fastq.gz,3f56ce68-520d-4331-99d9-f3b45a3b79e2
SRR30899410,SAMN44081149,SRX26302997,PRJNA1169681,78331,Mycobacterium canetti,Mycobacterium tuberculosis subsp. canettii,CIP_106416,C00018206,890ad2b3-43ef-4fc8-8acd-2a461bccf1a5,ftp.sra.ebi.ac.uk/vol1/fastq/SRR308/010/SRR30899410/SRR30899410_1.fastq.gz;ftp.sra.ebi.ac.uk/vol1/fastq/SRR308/010/SRR30899410/SRR30899410_2.fastq.gz,75993fd4-343d-4137-8928-79e1ef11d2c3
SRR30899412,SAMN44081122,SRX26302995,PRJNA1169681,146020,Mycolicibacterium brisbanense,Mycobacterium brisbanense,JCM_15654,C00018326,f3953d50-08cf-417e-88cf-bb0891234a25,ftp.sra.ebi.ac.uk/vol1/fastq/SRR308/012/SRR30899412/SRR30899412_1.fastq.gz;ftp.sra.ebi.ac.uk/vol1/fastq/SRR308/012/SRR30899412/SRR30899412_2.fastq.gz,c2ce36a6-deea-492f-89d8-2f1aa306645f
SRR30899423,SAMN44081112,SRX26302984,PRJNA1169681,29314,Mycolicibacter hiberniae,Mycobacterium hiberniae,JCM_13571,C00018245,c18e9f52-745e-4354-b5af-d3c9a91f5a9c,ftp.sra.ebi.ac.uk/vol1/fastq/SRR308/023/SRR30899423/SRR30899423_1.fastq.gz;ftp.sra.ebi.ac.uk/vol1/fastq/SRR308/023/SRR30899423/SRR30899423_2.fastq.gz,bcfb5134-c211-4157-8d61-31a5423bd84b
SRR30899424,SAMN44081111,SRX26302983,PRJNA1169681,117567,Mycolicibacterium frederiksbergense,Mycobacterium frederiksbergense,DSM_44346,C00018301,3d11e6aa-5704-49d3-91fc-81255fd6af2b,ftp.sra.ebi.ac.uk/vol1/fastq/SRR308/024/SRR30899424/SRR30899424_1.fastq.gz;ftp.sra.ebi.ac.uk/vol1/fastq/SRR308/024/SRR30899424/SRR30899424_2.fastq.gz,31608a80-92cd-44c7-be23-fe70cb09a8b9
SRR30899426,SAMN44081109,SRX26302981,PRJNA1169681,1793,Mycolicibacterium fallax,Mycobacterium fallax,JCM_6405,C00018281,33ea2d0f-8cd0-4811-848e-88702ce0ed50,ftp.sra.ebi.ac.uk/vol1/fastq/SRR308/026/SRR30899426/SRR30899426_1.fastq.gz;ftp.sra.ebi.ac.uk/vol1/fastq/SRR308/026/SRR30899426/SRR30899426_2.fastq.gz,ab7822e8-972d-4bef-aa27-afacac61119f
SRR30899427,SAMN44081108,SRX26302980,PRJNA1169681,319706,Mycolicibacterium phocaicum,Mycobacterium phocaicum,JCM_15301,C00018256,bd6f3a79-78ae-4659-a723-abf0f04d8953,ftp.sra.ebi.ac.uk/vol1/fastq/SRR308/027/SRR30899427/SRR30899427_1.fastq.gz;ftp.sra.ebi.ac.uk/vol1/fastq/SRR308/027/SRR30899427/SRR30899427_2.fastq.gz,35d09658-44ed-4769-a6fc-a101d890d778
SRR30899431,SAMN44081105,SRX26302976,PRJNA1169681,39693,Mycolicibacterium porcinum,Mycobacterium porcinum,JCM_6378,C00018338,ce841eb4-8959-497d-a77e-01a6b281b6c6,ftp.sra.ebi.ac.uk/vol1/fastq/SRR308/031/SRR30899431/SRR30899431_1.fastq.gz;ftp.sra.ebi.ac.uk/vol1/fastq/SRR308/031/SRR30899431/SRR30899431_2.fastq.gz,636b705f-7379-4a8e-ba54-73ba7744f65f
SRR30899433,SAMN44081103,SRX26302974,PRJNA1169681,85693,Mycolicibacterium monacense,Mycobacterium monacense,JCM_15658,C00018261,ff521549-3898-4f1a-9120-2b699e5e3ced,ftp.sra.ebi.ac.uk/vol1/fastq/SRR308/033/SRR30899433/SRR30899433_1.fastq.gz;ftp.sra.ebi.ac.uk/vol1/fastq/SRR308/033/SRR30899433/SRR30899433_2.fastq.gz,58a33e06-12c5-4a84-8d2c-c574f45f7f93
SRR30899434,SAMN44081102,SRX26302973,PRJNA1169681,39691,Mycolicibacterium moriokaense,Mycobacterium moriokaense,JCM_6375,C00018278,911ea581-2534-41ef-adb9-268f9378f23a,ftp.sra.ebi.ac.uk/vol1/fastq/SRR308/034/SRR30899434/SRR30899434_1.fastq.gz;ftp.sra.ebi.ac.uk/vol1/fastq/SRR308/034/SRR30899434/SRR30899434_2.fastq.gz,2d53752a-584b-4a52-abb4-0bb2b3f2c036
SRR30899435,SAMN44081101,SRX26302972,PRJNA1169681,220927,Mycobacterium saskatchewanense,Mycobacterium saskatchewanense,JCM_13016,C00018239,58ca57d4-4e86-4d82-b407-1d3e61242b6f,ftp.sra.ebi.ac.uk/vol1/fastq/SRR308/035/SRR30899435/SRR30899435_1.fastq.gz;ftp.sra.ebi.ac.uk/vol1/fastq/SRR308/035/SRR30899435/SRR30899435_2.fastq.gz,031aa92c-49a8-4264-b565-b62ca6033376
SRR30899443,SAMN44081094,SRX26302964,PRJNA1169681,758802,Mycolicibacterium litorale,Mycobacterium litorale,JCM_17423,C00018272,1e67ccc3-fbcb-4223-9df7-9f9a284347f1,ftp.sra.ebi.ac.uk/vol1/fastq/SRR308/043/SRR30899443/SRR30899443_1.fastq.gz;ftp.sra.ebi.ac.uk/vol1/fastq/SRR308/043/SRR30899443/SRR30899443_2.fastq.gz,1408652c-ee98-40cd-93bf-733a85d341f8
SRR30899444,SAMN44081093,SRX26302963,PRJNA1169681,43348,Mycobacterium branderi,Mycobacterium branderi,JCM_12687,C00018297,2b0f66d2-c7fa-439a-be40-9d14539dbeb7,ftp.sra.ebi.ac.uk/vol1/fastq/SRR308/044/SRR30899444/SRR30899444_1.fastq.gz;ftp.sra.ebi.ac.uk/vol1/fastq/SRR308/044/SRR30899444/SRR30899444_2.fastq.gz,57929ae7-b016-417d-86e8-05ec54c31049
SRR30899445,SAMN44081092,SRX26302962,PRJNA1169681,1784,Mycobacterium simiae,Mycobacterium simiae,JCM_12377,C00018235,a7d8be40-66fa-48e7-8763-0f7c8279cde3,ftp.sra.ebi.ac.uk/vol1/fastq/SRR308/045/SRR30899445/SRR30899445_1.fastq.gz;ftp.sra.ebi.ac.uk/vol1/fastq/SRR308/045/SRR30899445/SRR30899445_2.fastq.gz,ea46d74f-2122-4437-872e-df4085f6348c
SRR30899446,SAMN44081091,SRX26302961,PRJNA1169681,28045,Mycobacterium celatum,Mycobacterium celatum,NCTC_12882,C00016631,26d54846-d568-4aac-85a1-9a60eb9e64cc,ftp.sra.ebi.ac.uk/vol1/fastq/SRR308/046/SRR30899446/SRR30899446_1.fastq.gz;ftp.sra.ebi.ac.uk/vol1/fastq/SRR308/046/SRR30899446/SRR30899446_2.fastq.gz,86cadc9e-c675-4fd1-9217-d96ad02bbdf6
SRR30899449,SAMN44081088,SRX26302958,PRJNA1169681,1118379,Mycolicibacter minnesotensis,Mycobacterium minnesotense,JCM_17932,C00018334,2d040937-0f48-434b-85b8-16e1e63639b8,ftp.sra.ebi.ac.uk/vol1/fastq/SRR308/049/SRR30899449/SRR30899449_1.fastq.gz;ftp.sra.ebi.ac.uk/vol1/fastq/SRR308/049/SRR30899449/SRR30899449_2.fastq.gz,0897ee20-336a-4731-a6fb-eab3fb03a1e9
SRR30899450,SAMN44081087,SRX26302957,PRJNA1169681,36813,Mycolicibacterium pulveris,Mycobacterium pulveris,DSM_44222,C00018210,57399106-0156-4728-a6cf-4e06d78bf518,ftp.sra.ebi.ac.uk/vol1/fastq/SRR308/050/SRR30899450/SRR30899450_1.fastq.gz;ftp.sra.ebi.ac.uk/vol1/fastq/SRR308/050/SRR30899450/SRR30899450_2.fastq.gz,bb6d5f09-7035-49fb-8990-dd160ee4e80c
SRR30899451,SAMN44081060,SRX26302956,PRJNA1169681,1791,Mycolicibacterium aurum,Mycobacterium aurum,NCTC_10437,C00016611,9b5082a8-9141-4520-91de-6314c63d3d10,ftp.sra.ebi.ac.uk/vol1/fastq/SRR308/051/SRR30899451/SRR30899451_1.fastq.gz;ftp.sra.ebi.ac.uk/vol1/fastq/SRR308/051/SRR30899451/SRR30899451_2.fastq.gz,1f0aa584-6a82-47ec-b960-125928e7c7d7
SRR30899455,SAMN44081083,SRX26302952,PRJNA1169681,39694,Mycolicibacterium poriferae,Mycobacterium poriferae,JCM_12603,C00018236,ab36f668-1531-4d4d-904c-6f4f9a0b6e31,ftp.sra.ebi.ac.uk/vol1/fastq/SRR308/055/SRR30899455/SRR30899455_1.fastq.gz;ftp.sra.ebi.ac.uk/vol1/fastq/SRR308/055/SRR30899455/SRR30899455_2.fastq.gz,0244161a-e140-482b-8bd5-a258c84851a3
SRR30899458,SAMN44081080,SRX26302949,PRJNA1169681,370526,Mycolicibacterium rutilum,Mycobacterium rutilum,JCM_16371,C00018269,e819ce4d-a0cf-4b6c-ae3b-328a36b5321a,ftp.sra.ebi.ac.uk/vol1/fastq/SRR308/058/SRR30899458/SRR30899458_1.fastq.gz;ftp.sra.ebi.ac.uk/vol1/fastq/SRR308/058/SRR30899458/SRR30899458_2.fastq.gz,4d014056-6527-486b-87f5-a4ae4ce862c6
SRR30899462,SAMN44081059,SRX26302945,PRJNA1169681,1771,Mycolicibacterium phlei,Mycobacterium smegmatis,NCTC_00525,C00018342,b38facbd-6e58-4ad9-a31a-06013452744e,ftp.sra.ebi.ac.uk/vol1/fastq/SRR308/062/SRR30899462/SRR30899462_1.fastq.gz;ftp.sra.ebi.ac.uk/vol1/fastq/SRR308/062/SRR30899462/SRR30899462_2.fastq.gz,085e0f9b-daa3-4c08-8e44-b47afa0f0381
SRR30899463,SAMN44081076,SRX26302944,PRJNA1169681,216929,Mycolicibacterium psychrotolerans,Mycobacterium psychrotolerans,JCM_13323,C00018316,a70aaec7-11e8-46c5-9db0-2bbefc1bf0ea,ftp.sra.ebi.ac.uk/vol1/fastq/SRR308/063/SRR30899463/SRR30899463_1.fastq.gz;ftp.sra.ebi.ac.uk/vol1/fastq/SRR308/063/SRR30899463/SRR30899463_2.fastq.gz,9b220667-f3f0-4668-9768-c721d300e51b
SRR30899465,SAMN44081074,SRX26302942,PRJNA1169681,1789,Mycobacterium xenopi,Mycobacterium xenopi,NCTC_10042,C00016637,1e39f22c-c3ce-45b0-90a3-ff0fb6fb3635,ftp.sra.ebi.ac.uk/vol1/fastq/SRR308/065/SRR30899465/SRR30899465_1.fastq.gz;ftp.sra.ebi.ac.uk/vol1/fastq/SRR308/065/SRR30899465/SRR30899465_2.fastq.gz,fd36c4ee-1c4e-4f3b-9d94-725986afda8d
SRR30899466,SAMN44081073,SRX26302941,PRJNA1169681,126673,Mycolicibacterium doricum,Mycobacterium doricum,JCM_12405,C00018313,d8bcda39-66c9-4a0e-998d-a2837f2ff781,ftp.sra.ebi.ac.uk/vol1/fastq/SRR308/066/SRR30899466/SRR30899466_1.fastq.gz;ftp.sra.ebi.ac.uk/vol1/fastq/SRR308/066/SRR30899466/SRR30899466_2.fastq.gz,bfc4dc23-2a8f-4a9b-bb33-c28f66d62f3f
SRR30899474,SAMN44081142,SRX26302933,PRJNA1169681,36811,Mycolicibacterium agri,Mycobacterium agri,JCM_6377,C00018337,2a04595a-5983-404b-8b93-e53b04714bb1,ftp.sra.ebi.ac.uk/vol1/fastq/SRR308/074/SRR30899474/SRR30899474_1.fastq.gz;ftp.sra.ebi.ac.uk/vol1/fastq/SRR308/074/SRR30899474/SRR30899474_2.fastq.gz,a9124a26-3216-46f8-af3f-74f6c2ccc8db
SRR30899479,SAMN44081137,SRX26302928,PRJNA1169681,228230,Mycolicibacterium canariasense,Mycobacterium canariasense,JCM_15298,C00018323,880536e0-2af9-4bb4-afcc-73ccd8595dbc,ftp.sra.ebi.ac.uk/vol1/fastq/SRR308/079/SRR30899479/SRR30899479_1.fastq.gz;ftp.sra.ebi.ac.uk/vol1/fastq/SRR308/079/SRR30899479/SRR30899479_2.fastq.gz,8b4c39a4-a04d-4de3-9991-de8b39be54d4
SRR30899480,SAMN44081065,SRX26302927,PRJNA1169681,1780,Mycobacterium malmoense,Mycobacterium malmoense,NCTC_11298,C00018364,746c519b-813b-4347-b6d4-192ab3ad7954,ftp.sra.ebi.ac.uk/vol1/fastq/SRR308/080/SRR30899480/SRR30899480_1.fastq.gz;ftp.sra.ebi.ac.uk/vol1/fastq/SRR308/080/SRR30899480/SRR30899480_2.fastq.gz,798ee138-bb86-405c-b3b6-71c4cb03c385
SRR30899482,SAMN44081135,SRX26302925,PRJNA1169681,28445,Mycobacterium intermedium,Mycobacterium intermedium,JCM_13572,C00018246,f7653aaf-e450-487b-8491-3dbf8964e91a,ftp.sra.ebi.ac.uk/vol1/fastq/SRR308/082/SRR30899482/SRR30899482_1.fastq.gz;ftp.sra.ebi.ac.uk/vol1/fastq/SRR308/082/SRR30899482/SRR30899482_2.fastq.gz,b26e52ff-3c36-457f-a7fc-43452b403736
SRR30899484,SAMN44081133,SRX26302923,PRJNA1169681,1069220,Mycolicibacillus koreensis,Mycobacterium koreense,DSM_45576,C00018227,f9553b0d-9608-4a2a-9c5c-950a914ab390,ftp.sra.ebi.ac.uk/vol1/fastq/SRR308/084/SRR30899484/SRR30899484_1.fastq.gz;ftp.sra.ebi.ac.uk/vol1/fastq/SRR308/084/SRR30899484/SRR30899484_2.fastq.gz,02044579-d87a-4157-b0e1-3294245f5d08
SRR30899486,SAMN44081131,SRX26302921,PRJNA1169681,59750,Mycolicibacterium wolinskyi,Mycobacterium wolinskyi,JCM_13393,C00018243,b3d2d904-a78a-4a2c-acd4-7cbb0354d53e,ftp.sra.ebi.ac.uk/vol1/fastq/SRR308/086/SRR30899486/SRR30899486_1.fastq.gz;ftp.sra.ebi.ac.uk/vol1/fastq/SRR308/086/SRR30899486/SRR30899486_2.fastq.gz,cffab5a2-3d65-4abc-9011-15ac1061a371
SRR30899490,SAMN44081127,SRX26302917,PRJNA1169681,1794,Mycolicibacterium gadium,Mycobacterium gadium,NCTC_10942,C00016608,b6840fa3-04e0-4d0e-829b-1eb7e34f4be2,ftp.sra.ebi.ac.uk/vol1/fastq/SRR308/090/SRR30899490/SRR30899490_1.fastq.gz;ftp.sra.ebi.ac.uk/vol1/fastq/SRR308/090/SRR30899490/SRR30899490_2.fastq.gz,de4928b4-b0d1-4246-ad09-4e2a31fa477e
SRR30899493,SAMN44081125,SRX26302914,PRJNA1169681,43304,Mycolicibacterium peregrinum,Mycobacterium peregrinum,NCTC_10264,C00016645,6c38bc1a-0cd4-4032-8cdc-0b8ff55ff38b,ftp.sra.ebi.ac.uk/vol1/fastq/SRR308/093/SRR30899493/SRR30899493_1.fastq.gz;ftp.sra.ebi.ac.uk/vol1/fastq/SRR308/093/SRR30899493/SRR30899493_2.fastq.gz,b0ab4c28-9071-4adc-898f-6967a062b34f
SRR30899494,SAMN44081124,SRX26302913,PRJNA1169681,83262,Mycobacteroides immunogenum,Mycobacterium immunogenum,DSM_45595,C00018229,783a7878-6859-413e-a172-546e2274a593,ftp.sra.ebi.ac.uk/vol1/fastq/SRR308/094/SRR30899494/SRR30899494_1.fastq.gz;ftp.sra.ebi.ac.uk/vol1/fastq/SRR308/094/SRR30899494/SRR30899494_2.fastq.gz,c1f3e77c-98f7-414c-891c-f90085cc3d1a
SRR30899496,SAMN44081071,SRX26302911,PRJNA1169681,243061,Mycobacterium sherrisii,Mycobacterium sherrisii,DSM_45441,C00018225,6486df59-98d0-475a-ac5b-48a8b43bd013,ftp.sra.ebi.ac.uk/vol1/fastq/SRR308/096/SRR30899496/SRR30899496_1.fastq.gz;ftp.sra.ebi.ac.uk/vol1/fastq/SRR308/096/SRR30899496/SRR30899496_2.fastq.gz,5ddfa20d-33f1-40a1-97ff-9d0ac7839db9
SRR30899498,SAMN44081177,SRX26302909,PRJNA1169681,1778,Mycobacterium gordonae,Mycobacterium gordonae,NCTC_10267,C00018289,bc2f69e7-bc06-489f-8656-8ab28fb57d8c,ftp.sra.ebi.ac.uk/vol1/fastq/SRR308/098/SRR30899498/SRR30899498_1.fastq.gz;ftp.sra.ebi.ac.uk/vol1/fastq/SRR308/098/SRR30899498/SRR30899498_2.fastq.gz,a2b8e58d-80d2-4f97-acad-08c2652942ab
SRR30899502,SAMN44081174,SRX26302905,PRJNA1169681,354243,Mycolicibacter kumamotonensis,Mycobacterium kumamotonense,JCM_13453,C00018317,d1f490cc-0dc7-415b-a5d5-41e1db8ce335,ftp.sra.ebi.ac.uk/vol1/fastq/SRR308/002/SRR30899502/SRR30899502_1.fastq.gz;ftp.sra.ebi.ac.uk/vol1/fastq/SRR308/002/SRR30899502/SRR30899502_2.fastq.gz,5c0c020d-afa5-400c-87af-e663686a12ab
SRR30899506,SAMN44081170,SRX26302901,PRJNA1169681,75922,Mycolicibacterium tusciae,Mycobacterium tusciae,JCM_12692,C00018315,34ccd720-a5bb-4114-b7be-0b9c1484fe1d,ftp.sra.ebi.ac.uk/vol1/fastq/SRR308/006/SRR30899506/SRR30899506_1.fastq.gz;ftp.sra.ebi.ac.uk/vol1/fastq/SRR308/006/SRR30899506/SRR30899506_2.fastq.gz,977ea046-0ce7-4d92-84e3-91647de4e0f5
SRR30899509,SAMN44081167,SRX26302898,PRJNA1169681,1962118,Mycobacteroides abscessus subsp. massiliense,Mycobacterium abscessus subsp. massiliense,JCM_15300,C00018325,018b8b0a-1f2f-476b-a120-f9cd48ec9143,ftp.sra.ebi.ac.uk/vol1/fastq/SRR308/009/SRR30899509/SRR30899509_1.fastq.gz;ftp.sra.ebi.ac.uk/vol1/fastq/SRR308/009/SRR30899509/SRR30899509_2.fastq.gz,9a590bd5-f506-49e1-979d-05fa17c655d3
SRR30899512,SAMN44081165,SRX26302895,PRJNA1169681,44454,Mycobacterium avium subsp. avium,Mycobacterium avium subsp. avium,NCTC_08562,C00016639,0eb3f9f1-9ced-4936-94be-cd9daf820759,ftp.sra.ebi.ac.uk/vol1/fastq/SRR308/012/SRR30899512/SRR30899512_1.fastq.gz;ftp.sra.ebi.ac.uk/vol1/fastq/SRR308/012/SRR30899512/SRR30899512_2.fastq.gz,29743da7-b3f5-450d-ae6f-f144fe1015a9
SRR30899513,SAMN44081164,SRX26302894,PRJNA1169681,1786,Mycolicibacterium sphagni,Mycobacterium sphagni,DSM_44076,C00018367,33d59a4a-295e-41e7-9418-f0c7b64753e6,ftp.sra.ebi.ac.uk/vol1/fastq/SRR308/013/SRR30899513/SRR30899513_1.fastq.gz;ftp.sra.ebi.ac.uk/vol1/fastq/SRR308/013/SRR30899513/SRR30899513_2.fastq.gz,f1af4e90-9d28-4d9b-92e3-a82a7b69ba5a
SRR30899514,SAMN44081163,SRX26302893,PRJNA1169681,39692,Mycolicibacterium parafortuitum,Mycobacterium parafortuitum,NCTC_10411,C00018291,12d9b110-53ac-4154-bd40-3e02055608e7,ftp.sra.ebi.ac.uk/vol1/fastq/SRR308/014/SRR30899514/SRR30899514_1.fastq.gz;ftp.sra.ebi.ac.uk/vol1/fastq/SRR308/014/SRR30899514/SRR30899514_2.fastq.gz,d782cb19-6a58-4ddf-9ba7-f7fecc716735
SRR30899516,SAMN44081161,SRX26302891,PRJNA1169681,144550,Mycolicibacterium fortuitum subsp. acetamidolyticum,Mycobacterium fortuitum subsp. acetamidolyticum,JCM_6368,C00018335,0c586ac9-59ce-4df0-bbec-0c7a41c8dd47,ftp.sra.ebi.ac.uk/vol1/fastq/SRR308/016/SRR30899516/SRR30899516_1.fastq.gz;ftp.sra.ebi.ac.uk/vol1/fastq/SRR308/016/SRR30899516/SRR30899516_2.fastq.gz,502fe2f8-947c-4d86-9304-bd413c436cce
SRR30899519,SAMN44081158,SRX26302888,PRJNA1169681,153971,Mycobacterium palustre,Mycobacterium palustre,DSM_44572,C00018212,52a4a6dc-9418-47fa-a439-947ac796aa5a,ftp.sra.ebi.ac.uk/vol1/fastq/SRR308/019/SRR30899519/SRR30899519_1.fastq.gz;ftp.sra.ebi.ac.uk/vol1/fastq/SRR308/019/SRR30899519/SRR30899519_2.fastq.gz,69d79f44-5e73-4830-989c-5ce048976a8b
SRR32024525,SAMN46230634,SRX27375030,PRJNA1169681,144549,Mycolicibacterium fortuitum subsp. fortuitum,Mycobacterium fortuitum subsp. fortuitum,NCTC_8573,C00016659,cb4a253e-9229-4e02-b9a4-13458ee267e9,ftp.sra.ebi.ac.uk/vol1/fastq/SRR320/025/SRR32024525/SRR32024525_1.fastq.gz;ftp.sra.ebi.ac.uk/vol1/fastq/SRR320/025/SRR32024525/SRR32024525_2.fastq.gz,0a3513fb-321d-4702-b7d3-6a95c99e571a
SRR32024526,SAMN46230633,SRX27375029,PRJNA1169681,1772,Mycolicibacterium smegmatis,Mycobacterium smegmatis,NCTC_8152,C00016620,b9c9f357-0cf7-4241-bb8c-10021c913829,ftp.sra.ebi.ac.uk/vol1/fastq/SRR320/026/SRR32024526/SRR32024526_1.fastq.gz;ftp.sra.ebi.ac.uk/vol1/fastq/SRR320/026/SRR32024526/SRR32024526_2.fastq.gz,c50fbe3f-2612-481b-b8f9-d53f1ed3b72e
SRR32024531,SAMN46230628,SRX27375024,PRJNA1169681,144549,Mycolicibacterium fortuitum subsp. fortuitum,Mycobacterium fortuitum subsp. fortuitum,NCTC_1542,C00016663,4696a9d2-7aef-4ead-ad93-d09312c82699,ftp.sra.ebi.ac.uk/vol1/fastq/SRR320/031/SRR32024531/SRR32024531_1.fastq.gz;ftp.sra.ebi.ac.uk/vol1/fastq/SRR320/031/SRR32024531/SRR32024531_2.fastq.gz,fc719cec-4a8e-4822-9277-a2897adbd31c
SRR32024532,SAMN46230627,SRX27375023,PRJNA1169681,3393522,Mycobacterium sp. NCTC 13472,Mycobacterium sp.,NCTC_13472,C00016619,831ea398-4f3e-49ab-9678-0d3ae162a857,ftp.sra.ebi.ac.uk/vol1/fastq/SRR320/032/SRR32024532/SRR32024532_1.fastq.gz;ftp.sra.ebi.ac.uk/vol1/fastq/SRR320/032/SRR32024532/SRR32024532_2.fastq.gz,d90d2f2b-8d61-48be-b5ee-a23a8fac2659
SRR32024534,SAMN46230626,SRX27375021,PRJNA1169681,194542,Mycobacterium tuberculosis variant pinnipedii,Mycobacterium pinnipedii,NCTC_13288,C00018296,d9ec2378-3f0e-4f58-85ea-ad67f9b5f47c,ftp.sra.ebi.ac.uk/vol1/fastq/SRR320/034/SRR32024534/SRR32024534_1.fastq.gz;ftp.sra.ebi.ac.uk/vol1/fastq/SRR320/034/SRR32024534/SRR32024534_2.fastq.gz,1402d4a1-a911-4b81-b57e-6db2b086319d
SRR32024535,SAMN46230625,SRX27375020,PRJNA1169681,44454,Mycobacterium avium subsp. avium,Mycobacterium avium subsp. avium,NCTC_13034,C00016636,8c4bb578-a023-4d22-a422-213e060a6a5a,ftp.sra.ebi.ac.uk/vol1/fastq/SRR320/035/SRR32024535/SRR32024535_1.fastq.gz;ftp.sra.ebi.ac.uk/vol1/fastq/SRR320/035/SRR32024535/SRR32024535_2.fastq.gz,01dface5-0fbf-4c3a-bd20-7d359e3b071b
SRR32024539,SAMN46230621,SRX27375016,PRJNA1169681,1780,Mycobacterium malmoense,Mycobacterium malmoense,NCTC_11299,C00018365,7c4816e7-4d7e-4609-95df-fb87074d1da1,ftp.sra.ebi.ac.uk/vol1/fastq/SRR320/039/SRR32024539/SRR32024539_1.fastq.gz;ftp.sra.ebi.ac.uk/vol1/fastq/SRR320/039/SRR32024539/SRR32024539_2.fastq.gz,156b3354-2a66-4b9d-aaf0-dc4cc47670d6
SRR32024540,SAMN46230620,SRX27375015,PRJNA1169681,1824,Nocardia asteroides,Nocardia asteroides,NCTC_11293,C00018363,a25116da-5e42-45d5-b202-485b13ab61a6,ftp.sra.ebi.ac.uk/vol1/fastq/SRR320/040/SRR32024540/SRR32024540_1.fastq.gz;ftp.sra.ebi.ac.uk/vol1/fastq/SRR320/040/SRR32024540/SRR32024540_2.fastq.gz,f8ce649d-6b5f-411b-9bd0-b4c0e8df6beb
SRR32024541,SAMN46230619,SRX27375014,PRJNA1169681,29311,Mycobacterium haemophilum,Mycobacterium haemophilum,NCTC_11185,C00018366,1f57b3cc-9d6c-4b22-bd3c-aa243501b8b7,ftp.sra.ebi.ac.uk/vol1/fastq/SRR320/041/SRR32024541/SRR32024541_1.fastq.gz;ftp.sra.ebi.ac.uk/vol1/fastq/SRR320/041/SRR32024541/SRR32024541_2.fastq.gz,961f2408-ad57-4a27-a19f-98ff1eb580a0
SRR32024543,SAMN46230617,SRX27375012,PRJNA1169681,3393513,Mycobacterium neolactis,Mycobacterium neolactis,NCTC_11057,C00018362,b2a546ab-8735-4d60-85ab-9f5dff6076da,ftp.sra.ebi.ac.uk/vol1/fastq/SRR320/043/SRR32024543/SRR32024543_1.fastq.gz;ftp.sra.ebi.ac.uk/vol1/fastq/SRR320/043/SRR32024543/SRR32024543_2.fastq.gz,06dcf0bc-f409-482d-a157-f6eb30d21dd5
SRR32024544,SAMN46230545,SRX27375011,PRJNA1169681,1203599,Mycobacterium intracellulare subsp. yongonense,Mycobacterium yongonense,DSM_45126,C00018220,d959a7a3-24c7-466e-94b7-743326109bda,ftp.sra.ebi.ac.uk/vol1/fastq/SRR320/044/SRR32024544/SRR32024544_1.fastq.gz;ftp.sra.ebi.ac.uk/vol1/fastq/SRR320/044/SRR32024544/SRR32024544_2.fastq.gz,43e3df26-73be-4d56-826a-2c694a734e2d
SRR32024547,SAMN46230614,SRX27375008,PRJNA1169681,3393511,Mycobacterium selandiae,Mycobacterium selandiae,NCTC_11054,C00016622,e5d7fef7-8fa8-46a4-a2b8-4f187ed1833d,ftp.sra.ebi.ac.uk/vol1/fastq/SRR320/047/SRR32024547/SRR32024547_1.fastq.gz;ftp.sra.ebi.ac.uk/vol1/fastq/SRR320/047/SRR32024547/SRR32024547_2.fastq.gz,7b27e86b-05ff-4f2b-974c-2173a94df3e3
SRR32024548,SAMN46230613,SRX27375007,PRJNA1169681,3393511,Mycobacterium selandiae,Mycobacterium selandiae,NCTC_11053,C00016621,16f66a92-4bb4-4048-a05d-b5ec345f0b15,ftp.sra.ebi.ac.uk/vol1/fastq/SRR320/048/SRR32024548/SRR32024548_1.fastq.gz;ftp.sra.ebi.ac.uk/vol1/fastq/SRR320/048/SRR32024548/SRR32024548_2.fastq.gz,8e736d8b-41d8-4cdc-bfdc-2a3a294f7bcb
SRR32024550,SAMN46230611,SRX27375005,PRJNA1169681,36809,Mycobacteroides abscessus,Mycobacterium abscessus,NCTC_10882,C00016666,41bc645f-78a6-42b5-906d-e25a0de92dd2,ftp.sra.ebi.ac.uk/vol1/fastq/SRR320/050/SRR32024550/SRR32024550_1.fastq.gz;ftp.sra.ebi.ac.uk/vol1/fastq/SRR320/050/SRR32024550/SRR32024550_2.fastq.gz,fe56b8ed-0d29-4ed0-b3ed-966ac5f02901
SRR32024557,SAMN46230605,SRX27374998,PRJNA1169681,3393505,Mycobacterium intracellulare NCTC 10574,Mycobacterium brunense,NCTC_10574,C00016630,07aaf9d5-a7cb-4cc7-84c0-77fd1e7903ff,ftp.sra.ebi.ac.uk/vol1/fastq/SRR320/057/SRR32024557/SRR32024557_1.fastq.gz;ftp.sra.ebi.ac.uk/vol1/fastq/SRR320/057/SRR32024557/SRR32024557_2.fastq.gz,2f3a62d3-94f5-493a-8292-b0b3d8d1d6d6
SRR32024559,SAMN46230603,SRX27374996,PRJNA1169681,2492438,Mycobacterium novum,Mycobacterium novum,NCTC_10496,C00018357,132bfc23-29f6-42f6-82b3-9aaa6f209ee9,ftp.sra.ebi.ac.uk/vol1/fastq/SRR320/059/SRR32024559/SRR32024559_1.fastq.gz;ftp.sra.ebi.ac.uk/vol1/fastq/SRR320/059/SRR32024559/SRR32024559_2.fastq.gz,45a5c57e-4ab9-446a-a1cd-f5e9b12e517e
SRR32024561,SAMN46230601,SRX27374994,PRJNA1169681,1809,Mycobacterium ulcerans,Mycobacterium ulcerans,NCTC_10468,C00018356,aae8f5fc-5f9e-4dbb-a40d-fa36bb3f5ba0,ftp.sra.ebi.ac.uk/vol1/fastq/SRR320/061/SRR32024561/SRR32024561_1.fastq.gz;ftp.sra.ebi.ac.uk/vol1/fastq/SRR320/061/SRR32024561/SRR32024561_2.fastq.gz,d1fede02-72a5-460f-85c4-8e4b5e163282
SRR32024563,SAMN46230599,SRX27374992,PRJNA1169681,1791,Mycolicibacterium aurum,Mycobacterium aurum,NCTC_10439,C00016613,531edbc1-512d-4e4f-910e-f8790584e138,ftp.sra.ebi.ac.uk/vol1/fastq/SRR320/063/SRR32024563/SRR32024563_1.fastq.gz;ftp.sra.ebi.ac.uk/vol1/fastq/SRR320/063/SRR32024563/SRR32024563_2.fastq.gz,784fc5f2-2850-4e36-b775-6d3ea88bb68b
SRR32024564,SAMN46230598,SRX27374991,PRJNA1169681,1791,Mycolicibacterium aurum,Mycobacterium aurum,NCTC_10438,C00016612,822a2afb-9b18-4f61-8d3c-44f648713386,ftp.sra.ebi.ac.uk/vol1/fastq/SRR320/064/SRR32024564/SRR32024564_1.fastq.gz;ftp.sra.ebi.ac.uk/vol1/fastq/SRR320/064/SRR32024564/SRR32024564_2.fastq.gz,cf2e2a13-a364-4a7b-bb69-00e1f2798442
SRR32024565,SAMN46230597,SRX27374990,PRJNA1169681,3393504,Mycobacterium [tomidae] NCTC 10428,Mycobacterium tomidae,NCTC_10428,C00016642,bf0052ad-e434-4dbe-8d7d-0535ff8c9142,ftp.sra.ebi.ac.uk/vol1/fastq/SRR320/065/SRR32024565/SRR32024565_1.fastq.gz;ftp.sra.ebi.ac.uk/vol1/fastq/SRR320/065/SRR32024565/SRR32024565_2.fastq.gz,7898aba2-19c5-46ae-8fef-05a068a889c1
SRR32024571,SAMN46230592,SRX27374984,PRJNA1169681,1771,Mycolicibacterium phlei,Mycobacterium phlei,NCTC_10266,C00016624,21fd8532-6afd-470a-ad70-82749db40bbf,ftp.sra.ebi.ac.uk/vol1/fastq/SRR320/071/SRR32024571/SRR32024571_1.fastq.gz;ftp.sra.ebi.ac.uk/vol1/fastq/SRR320/071/SRR32024571/SRR32024571_2.fastq.gz,52d31c94-1891-4776-877f-bdcf0151928f
SRR32024575,SAMN46230588,SRX27374980,PRJNA1169681,1781,Mycobacterium marinum,Mycobacterium marinum,NCTC_10010,C00016650,1fe75cbc-7860-473a-9534-ff2daf45c60c,ftp.sra.ebi.ac.uk/vol1/fastq/SRR320/075/SRR32024575/SRR32024575_1.fastq.gz;ftp.sra.ebi.ac.uk/vol1/fastq/SRR320/075/SRR32024575/SRR32024575_2.fastq.gz,da7e3c38-c645-4d7f-aade-f9d609bd15e3
SRR32024577,SAMN46230542,SRX27374978,PRJNA1169681,242737,Mycobacterium neglectum,Mycobacterium neglectum,DSM_44756,C00018305,b8aae2de-0c3f-4c5a-80ad-f16ab8247cfe,ftp.sra.ebi.ac.uk/vol1/fastq/SRR320/077/SRR32024577/SRR32024577_1.fastq.gz;ftp.sra.ebi.ac.uk/vol1/fastq/SRR320/077/SRR32024577/SRR32024577_2.fastq.gz,0277dc7c-f39e-467f-aa64-990ba03ad634
SRR32024578,SAMN46230586,SRX27374977,PRJNA1169681,44454,Mycobacterium avium subsp. avium,Mycobacterium avium subsp. avium,NCTC_08559,C00016640,7a093239-419f-434e-8dfb-8cbacc110ca4,ftp.sra.ebi.ac.uk/vol1/fastq/SRR320/078/SRR32024578/SRR32024578_1.fastq.gz;ftp.sra.ebi.ac.uk/vol1/fastq/SRR320/078/SRR32024578/SRR32024578_2.fastq.gz,bd0ff37d-255d-4c01-bf05-526a27997b8f
SRR32024579,SAMN46230585,SRX27374976,PRJNA1169681,44454,Mycobacterium avium subsp. avium,Mycobacterium avium subsp. avium,NCTC_08553,C00016641,67978ffc-e306-4066-a363-266861f3fc0b,ftp.sra.ebi.ac.uk/vol1/fastq/SRR320/079/SRR32024579/SRR32024579_1.fastq.gz;ftp.sra.ebi.ac.uk/vol1/fastq/SRR320/079/SRR32024579/SRR32024579_2.fastq.gz,9a37b660-4822-46a8-9913-11221d95cf41
SRR32024580,SAMN46230584,SRX27374975,PRJNA1169681,44454,Mycobacterium avium subsp. avium,Mycobacterium avium subsp. avium,NCTC_08552,C00016634,d29bd9db-442e-4c8a-8cbd-84a60ecbab53,ftp.sra.ebi.ac.uk/vol1/fastq/SRR320/080/SRR32024580/SRR32024580_1.fastq.gz;ftp.sra.ebi.ac.uk/vol1/fastq/SRR320/080/SRR32024580/SRR32024580_2.fastq.gz,af54d78b-eda1-4cee-80d9-c07afe5198c2
SRR32024581,SAMN46230583,SRX27374974,PRJNA1169681,44454,Mycobacterium avium subsp. avium,Mycobacterium avium subsp. avium,NCTC_08551,C00016635,c97d3152-5d31-4513-a63d-e242a673e188,ftp.sra.ebi.ac.uk/vol1/fastq/SRR320/081/SRR32024581/SRR32024581_1.fastq.gz;ftp.sra.ebi.ac.uk/vol1/fastq/SRR320/081/SRR32024581/SRR32024581_2.fastq.gz,cc2d6b40-6744-4ca8-8154-4cfc35a46f68
SRR32024587,SAMN46230577,SRX27374968,PRJNA1169681,1771,Mycolicibacterium phlei,Mycobacterium phlei,NCTC_08151,C00018345,ad6122d2-e70f-463b-8c1c-4820f45ac436,ftp.sra.ebi.ac.uk/vol1/fastq/SRR320/087/SRR32024587/SRR32024587_1.fastq.gz;ftp.sra.ebi.ac.uk/vol1/fastq/SRR320/087/SRR32024587/SRR32024587_2.fastq.gz,9a960eed-a6a5-4c2e-90dd-5be6e483a0b4
SRR32024588,SAMN46230541,SRX27374967,PRJNA1169681,134601,Mycolicibacterium goodii,Mycobacterium goodii,DSM_44492,C00018211,809999d8-f2be-49c9-a4d1-de6ce76fd541,ftp.sra.ebi.ac.uk/vol1/fastq/SRR320/088/SRR32024588/SRR32024588_1.fastq.gz;ftp.sra.ebi.ac.uk/vol1/fastq/SRR320/088/SRR32024588/SRR32024588_2.fastq.gz,839a0e14-1e98-489a-b2fa-23800f5ae899
SRR32024591,SAMN46230574,SRX27374964,PRJNA1169681,1772,Mycolicibacterium smegmatis,Mycobacterium smegmatis,NCTC_03821,C00018343,b6684432-3725-423e-b039-5605d7422a18,ftp.sra.ebi.ac.uk/vol1/fastq/SRR320/091/SRR32024591/SRR32024591_1.fastq.gz;ftp.sra.ebi.ac.uk/vol1/fastq/SRR320/091/SRR32024591/SRR32024591_2.fastq.gz,daf77bed-5d61-44cf-98a0-71bda46fddc5
SRR32024593,SAMN46230572,SRX27374962,PRJNA1169681,1719,Corynebacterium pseudotuberculosis,Corynebacterium pseudotuberculosis,NCTC_03450,C00018286,2fe1cb79-80de-4804-abdc-56a3395112cd,ftp.sra.ebi.ac.uk/vol1/fastq/SRR320/093/SRR32024593/SRR32024593_1.fastq.gz;ftp.sra.ebi.ac.uk/vol1/fastq/SRR320/093/SRR32024593/SRR32024593_2.fastq.gz,edc845f9-87b1-4427-a8ee-b7187d5c4903
SRR32024598,SAMN46230567,SRX27374957,PRJNA1169681,39688,Mycolicibacterium duvalii,Mycobacterium duvalii,NCTC00358,C00021875,5df70c67-c8fc-4c1c-ac5e-7e2d5e4e7224,ftp.sra.ebi.ac.uk/vol1/fastq/SRR320/098/SRR32024598/SRR32024598_1.fastq.gz;ftp.sra.ebi.ac.uk/vol1/fastq/SRR320/098/SRR32024598/SRR32024598_2.fastq.gz,5df70c67-c8fc-4c1c-ac5e-7e2d5e4e7224
SRR32024605,SAMN46230561,SRX27374950,PRJNA1169681,701041,Mycobacterium bouchedurhonense,Mycobacterium bouchedurhonense,JCM_17323,C00018271,5d5c321a-45ae-43ac-9553-87e86a675f70,ftp.sra.ebi.ac.uk/vol1/fastq/SRR320/005/SRR32024605/SRR32024605_1.fastq.gz;ftp.sra.ebi.ac.uk/vol1/fastq/SRR320/005/SRR32024605/SRR32024605_2.fastq.gz,0ecfa8d8-076f-4e36-89f2-a7b6bb4b2e59
SRR32024616,SAMN46230551,SRX27374939,PRJNA1169681,28045,Mycobacterium celatum,Mycobacterium celatum,JCM_12373,C00018231,8dd4c439-5580-4295-b1fc-40c825b433e4,ftp.sra.ebi.ac.uk/vol1/fastq/SRR320/016/SRR32024616/SRR32024616_1.fastq.gz;ftp.sra.ebi.ac.uk/vol1/fastq/SRR320/016/SRR32024616/SRR32024616_2.fastq.gz,9278bc15-8a74-4ced-8209-52a0f1ad963d
SRR32024618,SAMN46230549,SRX27374937,PRJNA1169681,49897,Mycolicibacterium hodleri,Mycobacterium hodleri,JCM_12141,C00018310,e7f589b0-25dc-4940-96f3-add8fc79fca5,ftp.sra.ebi.ac.uk/vol1/fastq/SRR320/018/SRR32024618/SRR32024618_1.fastq.gz;ftp.sra.ebi.ac.uk/vol1/fastq/SRR320/018/SRR32024618/SRR32024618_2.fastq.gz,59f7dbf1-c5f7-47d5-a19a-6e56ea77b9d8
SRR32024621,SAMN46230538,SRX27374934,PRJNA1169681,44282,Mycobacterium avium subsp. silvaticum,Mycobacterium avium subsp. silvaticum,DSM_44175,C00018298,78194e59-419f-4a3e-85de-87af3f7d9342,ftp.sra.ebi.ac.uk/vol1/fastq/SRR320/021/SRR32024621/SRR32024621_1.fastq.gz;ftp.sra.ebi.ac.uk/vol1/fastq/SRR320/021/SRR32024621/SRR32024621_2.fastq.gz,60569b60-cef4-4ddd-94d0-1761f0add045
SRR30899407,SAMN44081152,SRX26303000,PRJNA1169681,240125,Mycobacterium parascrofulaceum,Mycobacterium parascrofulaceum,JCM_13015,C00018238,0f98eee1-be6c-485e-bdab-6b594f5cbbd6,ftp.sra.ebi.ac.uk/vol1/fastq/SRR308/007/SRR30899407/SRR30899407_1.fastq.gz;ftp.sra.ebi.ac.uk/vol1/fastq/SRR308/007/SRR30899407/SRR30899407_2.fastq.gz,d3b38efc-dbf8-4ad7-8c09-05d44c350492
SRR30899408,SAMN44081151,SRX26302999,PRJNA1169681,1787,Mycobacterium szulgai,Mycobacterium szulgai,NCTC_10830,C00018359,521ce23f-1574-4c29-80ef-5d53904d0dbd,ftp.sra.ebi.ac.uk/vol1/fastq/SRR308/008/SRR30899408/SRR30899408_1.fastq.gz;ftp.sra.ebi.ac.uk/vol1/fastq/SRR308/008/SRR30899408/SRR30899408_2.fastq.gz,eb2c7440-f12a-411d-8b82-a37b123f8b92
SRR30899411,SAMN44081148,SRX26302996,PRJNA1169681,470074,Mycobacterium angelicum,Mycobacterium angelicum,DSM_45057,C00018216,ce6eb8bd-3c13-48cb-8cbb-664bafc6daee,ftp.sra.ebi.ac.uk/vol1/fastq/SRR308/011/SRR30899411/SRR30899411_1.fastq.gz;ftp.sra.ebi.ac.uk/vol1/fastq/SRR308/011/SRR30899411/SRR30899411_2.fastq.gz,034cf25c-31c4-406e-aa62-3febe62485f4
SRR30899414,SAMN44081120,SRX26302993,PRJNA1169681,318425,Mycolicibacterium aromaticivorans,Mycobacterium aromaticivorans,JCM_16368,C00018267,859a1211-a61c-430b-aea1-caadae215388,ftp.sra.ebi.ac.uk/vol1/fastq/SRR308/014/SRR30899414/SRR30899414_1.fastq.gz;ftp.sra.ebi.ac.uk/vol1/fastq/SRR308/014/SRR30899414/SRR30899414_2.fastq.gz,8b163ce6-1028-416a-a9f1-07c125489fe3
SRR30899415,SAMN44081119,SRX26302992,PRJNA1169681,2492438,Mycobacterium novum,Mycobacterium novum,NCTC_10486,C00018293,be7f278f-57a2-4f5f-9b88-55f17f1192a8,ftp.sra.ebi.ac.uk/vol1/fastq/SRR308/015/SRR30899415/SRR30899415_1.fastq.gz;ftp.sra.ebi.ac.uk/vol1/fastq/SRR308/015/SRR30899415/SRR30899415_2.fastq.gz,ae5d7acb-fd5f-4120-a65f-cf941961af6a
SRR30899419,SAMN44081116,SRX26302988,PRJNA1169681,67081,Mycolicibacterium alvei,Mycobacterium alvei,JCM_12272,C00018311,5252d6cf-452a-4b3d-9099-4cb187deb705,ftp.sra.ebi.ac.uk/vol1/fastq/SRR308/019/SRR30899419/SRR30899419_1.fastq.gz;ftp.sra.ebi.ac.uk/vol1/fastq/SRR308/019/SRR30899419/SRR30899419_2.fastq.gz,1ae69ecd-f733-4792-abba-8ba1edbae860
SRR30899420,SAMN44081115,SRX26302987,PRJNA1169681,53462,Mycolicibacterium mageritense,Mycobacterium mageritense,JCM_12375,C00018233,fe38938a-5a74-48c4-b5a3-fd8beb79a96d,ftp.sra.ebi.ac.uk/vol1/fastq/SRR308/020/SRR30899420/SRR30899420_1.fastq.gz;ftp.sra.ebi.ac.uk/vol1/fastq/SRR308/020/SRR30899420/SRR30899420_2.fastq.gz,5eb98009-c9b0-4993-8833-7662714cf49e
SRR30899425,SAMN44081110,SRX26302982,PRJNA1169681,444597,Mycolicibacterium insubricum,Mycobacterium insubricum,JCM_16366,C00018266,ebb32c4a-fd6d-42e3-ae24-f0e472d1dc49,ftp.sra.ebi.ac.uk/vol1/fastq/SRR308/025/SRR30899425/SRR30899425_1.fastq.gz;ftp.sra.ebi.ac.uk/vol1/fastq/SRR308/025/SRR30899425/SRR30899425_2.fastq.gz,f5c02ed7-7b02-498f-a0a9-62ccb094a77d
SRR30899429,SAMN44081062,SRX26302978,PRJNA1169681,1797,Mycolicibacterium thermoresistibile,Mycobacterium thermoresistibile,NCTC_10409,C00016618,0f777eb7-76cb-444d-894b-bda6dcf63f12,ftp.sra.ebi.ac.uk/vol1/fastq/SRR308/029/SRR30899429/SRR30899429_1.fastq.gz;ftp.sra.ebi.ac.uk/vol1/fastq/SRR308/029/SRR30899429/SRR30899429_2.fastq.gz,f482a99c-0779-4be4-a15b-32f8f8fccc98
SRR30899432,SAMN44081104,SRX26302975,PRJNA1169681,146021,Mycolicibacterium houstonense,Mycobacterium houstonense,JCM_15656,C00018259,267c356a-5849-47a0-9546-f4e97d9179ed,ftp.sra.ebi.ac.uk/vol1/fastq/SRR308/032/SRR30899432/SRR30899432_1.fastq.gz;ftp.sra.ebi.ac.uk/vol1/fastq/SRR308/032/SRR30899432/SRR30899432_2.fastq.gz,3188fc54-782f-41c3-b57a-07d025e94606
SRR30899441,SAMN44081096,SRX26302966,PRJNA1169681,560555,Mycobacterium mantenii,Mycobacterium mantenii,JCM_18113,C00018274,f72bf12e-7b49-44bf-b1f0-1ec0520319ec,ftp.sra.ebi.ac.uk/vol1/fastq/SRR308/041/SRR30899441/SRR30899441_1.fastq.gz;ftp.sra.ebi.ac.uk/vol1/fastq/SRR308/041/SRR30899441/SRR30899441_2.fastq.gz,16bf8d9a-d1dc-4b7b-a78f-0ee2d82743ed
SRR30899452,SAMN44081086,SRX26302955,PRJNA1169681,342002,Mycolicibacter arupensis,Mycobacterium arupense,DSM_44942,C00018307,01d7f406-8082-409e-a3e8-2c8128e5bc70,ftp.sra.ebi.ac.uk/vol1/fastq/SRR308/052/SRR30899452/SRR30899452_1.fastq.gz;ftp.sra.ebi.ac.uk/vol1/fastq/SRR308/052/SRR30899452/SRR30899452_2.fastq.gz,8f53df7b-b78c-4885-9c87-75fb567b3909
SRR30899457,SAMN44081081,SRX26302950,PRJNA1169681,761804,Mycobacterium europaeum,Mycobacterium europaeum,DSM_45397,C00018309,42cb7f7b-8deb-455e-8b7e-12b8257fc380,ftp.sra.ebi.ac.uk/vol1/fastq/SRR308/057/SRR30899457/SRR30899457_1.fastq.gz;ftp.sra.ebi.ac.uk/vol1/fastq/SRR308/057/SRR30899457/SRR30899457_2.fastq.gz,e06935a9-a879-4277-aad7-965f726213cc
SRR30899459,SAMN44081079,SRX26302948,PRJNA1169681,141349,Mycobacterium lentiflavum,Mycobacterium lentiflavum,JCM_13390,C00018241,17e581fe-18e6-4098-b1c1-9aa578ee458a,ftp.sra.ebi.ac.uk/vol1/fastq/SRR308/059/SRR30899459/SRR30899459_1.fastq.gz;ftp.sra.ebi.ac.uk/vol1/fastq/SRR308/059/SRR30899459/SRR30899459_2.fastq.gz,a0456601-4a23-4c8c-a01a-ba801cec95e8
SRR30899461,SAMN44081077,SRX26302946,PRJNA1169681,577492,Mycobacterium paraterrae,Mycobacterium paraterrae,DSM_45127,C00018221,98858fc0-8ec2-414b-9d4b-45a83009e198,ftp.sra.ebi.ac.uk/vol1/fastq/SRR308/061/SRR30899461/SRR30899461_1.fastq.gz;ftp.sra.ebi.ac.uk/vol1/fastq/SRR308/061/SRR30899461/SRR30899461_2.fastq.gz,7ec02a7c-7e81-4895-8747-1a448f38bccc
SRR30899464,SAMN44081075,SRX26302943,PRJNA1169681,36812,Mycobacterium genavense,Mycobacterium genavense,ATCC51234(a),C00017263,5605bf21-2ec6-45c4-b4b7-532535998850,ftp.sra.ebi.ac.uk/vol1/fastq/SRR308/064/SRR30899464/SRR30899464_1.fastq.gz;ftp.sra.ebi.ac.uk/vol1/fastq/SRR308/064/SRR30899464/SRR30899464_2.fastq.gz,5605bf21-2ec6-45c4-b4b7-532535998850
SRR30899468,SAMN44081147,SRX26302939,PRJNA1169681,244292,Mycobacterium nebraskense,Mycobacterium nebraskense,DSM_44803,C00018306,9d30a81b-dfe9-4348-80b4-3321182ad095,ftp.sra.ebi.ac.uk/vol1/fastq/SRR308/068/SRR30899468/SRR30899468_1.fastq.gz;ftp.sra.ebi.ac.uk/vol1/fastq/SRR308/068/SRR30899468/SRR30899468_2.fastq.gz,6dddfb58-4d6c-491a-b9af-c40d7ecfff09
SRR30899470,SAMN44081146,SRX26302937,PRJNA1169681,222805,Mycobacterium intracellulare subsp. chimaera,Mycobacterium chimaera,JCM_14737,C00018319,6f08ea69-deba-404c-a1a3-fcd56d9661bb,ftp.sra.ebi.ac.uk/vol1/fastq/SRR308/070/SRR30899470/SRR30899470_1.fastq.gz;ftp.sra.ebi.ac.uk/vol1/fastq/SRR308/070/SRR30899470/SRR30899470_2.fastq.gz,8d7beb6e-33c7-4151-b88d-636163347933
SRR30899471,SAMN44081145,SRX26302936,PRJNA1169681,1781,Mycobacterium marinum,Mycobacterium marinum,NCTC_10009,C00016649,3cc14274-1056-4ac7-b025-9db44dd416a1,ftp.sra.ebi.ac.uk/vol1/fastq/SRR308/071/SRR30899471/SRR30899471_1.fastq.gz;ftp.sra.ebi.ac.uk/vol1/fastq/SRR308/071/SRR30899471/SRR30899471_2.fastq.gz,cd445d56-0460-477b-b149-59a990b9da72
SRR30899472,SAMN44081144,SRX26302935,PRJNA1169681,190147,[Mycobacterium] manitobense,Mycobacterium manitobense,DSM_44615,C00018304,4d448a95-0631-4dd6-8aeb-92f44b46fc84,ftp.sra.ebi.ac.uk/vol1/fastq/SRR308/072/SRR30899472/SRR30899472_1.fastq.gz;ftp.sra.ebi.ac.uk/vol1/fastq/SRR308/072/SRR30899472/SRR30899472_2.fastq.gz,e78f4683-a35f-48ba-84bc-b68be0aa9b52
SRR30899473,SAMN44081143,SRX26302934,PRJNA1169681,425468,Mycobacterium arosiense,Mycobacterium arosiense,DSM_45069,C00018308,e54f54cb-b15a-409e-8a44-fb353a462bd3,ftp.sra.ebi.ac.uk/vol1/fastq/SRR308/073/SRR30899473/SRR30899473_1.fastq.gz;ftp.sra.ebi.ac.uk/vol1/fastq/SRR308/073/SRR30899473/SRR30899473_2.fastq.gz,d7fc215e-15d3-4a7f-a523-c4776a0b01e2
SRR30899475,SAMN44081141,SRX26302932,PRJNA1169681,1790,Mycobacterium asiaticum,Mycobacterium asiaticum,JCM_6409,C00018282,9fa570fd-2e07-4a02-951f-ad0764fa877b,ftp.sra.ebi.ac.uk/vol1/fastq/SRR308/075/SRR30899475/SRR30899475_1.fastq.gz;ftp.sra.ebi.ac.uk/vol1/fastq/SRR308/075/SRR30899475/SRR30899475_2.fastq.gz,c0a8030c-2b3d-438d-a1e0-5fd9cdc6bc79
SRR30899476,SAMN44081140,SRX26302931,PRJNA1169681,146018,Mycolicibacterium neworleansense,Mycobacterium neworleansense,JCM_15659,C00018262,1d30df53-c67d-4529-b96e-9de8a733c621,ftp.sra.ebi.ac.uk/vol1/fastq/SRR308/076/SRR30899476/SRR30899476_1.fastq.gz;ftp.sra.ebi.ac.uk/vol1/fastq/SRR308/076/SRR30899476/SRR30899476_2.fastq.gz,e13a82e8-db58-4104-a6ff-ed94a92f3e6c
SRR30899478,SAMN44081138,SRX26302929,PRJNA1169681,258533,Mycolicibacterium cosmeticum,Mycobacterium cosmeticum,JCM_14739,C00018250,25213c24-dbe6-4e52-9e2b-570d98c846cb,ftp.sra.ebi.ac.uk/vol1/fastq/SRR308/078/SRR30899478/SRR30899478_1.fastq.gz;ftp.sra.ebi.ac.uk/vol1/fastq/SRR308/078/SRR30899478/SRR30899478_2.fastq.gz,efc7ee96-b73f-4d74-bd77-849dfe0cdf09
SRR30899481,SAMN44081136,SRX26302926,PRJNA1169681,398694,Mycobacterium shinjukuense,Mycobacterium shinjukuense,JCM_14233,C00018249,965f1eba-5db0-46a6-b0eb-a972bb8774ff,ftp.sra.ebi.ac.uk/vol1/fastq/SRR308/081/SRR30899481/SRR30899481_1.fastq.gz;ftp.sra.ebi.ac.uk/vol1/fastq/SRR308/081/SRR30899481/SRR30899481_2.fastq.gz,4a4b2671-2c93-492d-9fd2-0556448b4f9f
SRR30899483,SAMN44081134,SRX26302924,PRJNA1169681,37916,Mycolicibacterium chlorophenolicum,Mycobacterium chlorophenolicum,JCM_7439,C00018283,976e0eff-6ef6-496a-8ef0-496dd59d3533,ftp.sra.ebi.ac.uk/vol1/fastq/SRR308/083/SRR30899483/SRR30899483_1.fastq.gz;ftp.sra.ebi.ac.uk/vol1/fastq/SRR308/083/SRR30899483/SRR30899483_2.fastq.gz,7a318af9-ffa1-47db-b0fd-1833ba9b0807
SRR30899487,SAMN44081130,SRX26302920,PRJNA1169681,319707,Mycolicibacterium aubagnense,Mycobacterium aubagnense,JCM_15296,C00018322,b851704b-8147-4e83-98b9-46f6fc110dfa,ftp.sra.ebi.ac.uk/vol1/fastq/SRR308/087/SRR30899487/SRR30899487_1.fastq.gz;ftp.sra.ebi.ac.uk/vol1/fastq/SRR308/087/SRR30899487/SRR30899487_2.fastq.gz,53391c13-336b-4fd6-a698-1a14c60eec9d
SRR30899489,SAMN44081128,SRX26302918,PRJNA1169681,85968,Mycolicibacterium brumae,Mycobacterium brumae,DSM_44177,C00018299,f0a49937-6fb9-4fe8-a45c-e495e91bd113,ftp.sra.ebi.ac.uk/vol1/fastq/SRR308/089/SRR30899489/SRR30899489_1.fastq.gz;ftp.sra.ebi.ac.uk/vol1/fastq/SRR308/089/SRR30899489/SRR30899489_2.fastq.gz,dee4b847-9e98-4b63-9cac-62972bedda68
SRR30899491,SAMN44081064,SRX26302916,PRJNA1169681,1771,Mycolicibacterium phlei,Mycobacterium phlei,NCTC_10008,C00018351,687f3754-771e-46f3-9951-fa649af6c037,ftp.sra.ebi.ac.uk/vol1/fastq/SRR308/091/SRR30899491/SRR30899491_1.fastq.gz;ftp.sra.ebi.ac.uk/vol1/fastq/SRR308/091/SRR30899491/SRR30899491_2.fastq.gz,ded1734e-2571-4446-8c98-6f9ea95dbfb5
SRR30899495,SAMN44081123,SRX26302912,PRJNA1169681,564198,Mycolicibacterium bacteremicum,Mycobacterium bacteremicum,DSM_45578,C00018228,ee8e61f4-05ef-495a-8f1b-2b2e81cc828a,ftp.sra.ebi.ac.uk/vol1/fastq/SRR308/095/SRR30899495/SRR30899495_1.fastq.gz;ftp.sra.ebi.ac.uk/vol1/fastq/SRR308/095/SRR30899495/SRR30899495_2.fastq.gz,4b727b84-879d-48b3-83e5-05bea712486f
SRR30899499,SAMN44081069,SRX26302908,PRJNA1169681,39689,Mycobacterium gallinarum,Mycobacterium gallinarum,JCM_6399,C00018340,1979f484-5597-4716-8b17-feb136aac656,ftp.sra.ebi.ac.uk/vol1/fastq/SRR308/099/SRR30899499/SRR30899499_1.fastq.gz;ftp.sra.ebi.ac.uk/vol1/fastq/SRR308/099/SRR30899499/SRR30899499_2.fastq.gz,5f266ae4-751e-4069-a9e8-895f9b857d10
SRR30899500,SAMN44081176,SRX26302907,PRJNA1169681,33895,Mycobacterium interjectum,Mycobacterium interjectum,DSMZ44064,C00021876,aca3de0f-4fdc-42bc-8a79-d314ec5e4673,ftp.sra.ebi.ac.uk/vol1/fastq/SRR308/000/SRR30899500/SRR30899500_1.fastq.gz;ftp.sra.ebi.ac.uk/vol1/fastq/SRR308/000/SRR30899500/SRR30899500_2.fastq.gz,aca3de0f-4fdc-42bc-8a79-d314ec5e4673
SRR30899501,SAMN44081175,SRX26302906,PRJNA1169681,59813,Mycolicibacterium novocastrense,Mycobacterium novocastrense,JCM_18114,C00018275,7a89e75b-6657-474a-819e-40997ba906ae,ftp.sra.ebi.ac.uk/vol1/fastq/SRR308/001/SRR30899501/SRR30899501_1.fastq.gz;ftp.sra.ebi.ac.uk/vol1/fastq/SRR308/001/SRR30899501/SRR30899501_2.fastq.gz,ee2190fd-c41b-4964-aff5-e02b08448f78
SRR30899504,SAMN44081172,SRX26302903,PRJNA1169681,1767,Mycobacterium intracellulare,Mycobacterium intracellulare,NCTC_10425,C00018355,b275005a-af6f-495b-bc11-e1669bac7d2e,ftp.sra.ebi.ac.uk/vol1/fastq/SRR308/004/SRR30899504/SRR30899504_1.fastq.gz;ftp.sra.ebi.ac.uk/vol1/fastq/SRR308/004/SRR30899504/SRR30899504_2.fastq.gz,09503919-11b3-45ed-b131-c085b3503760
SRR30899403,SAMN44081156,SRX26303004,PRJNA1169681,1772,Mycolicibacterium smegmatis,Mycobacterium smegmatis,NCTC_00523,C00018341,c4eb678f-54ae-4f07-82ee-ae0dabb0add5,ftp.sra.ebi.ac.uk/vol1/fastq/SRR308/003/SRR30899403/SRR30899403_1.fastq.gz;ftp.sra.ebi.ac.uk/vol1/fastq/SRR308/003/SRR30899403/SRR30899403_2.fastq.gz,0ad81645-ccf5-4dd1-ab9e-a2f56f557a28
SRR30899505,SAMN44081171,SRX26302902,PRJNA1169681,81858,Mycolicibacterium elephantis,Mycobacterium elephantis,JCM_12406,C00018314,dec0a2af-3a15-478e-9c7c-4c43dc92ade9,ftp.sra.ebi.ac.uk/vol1/fastq/SRR308/005/SRR30899505/SRR30899505_1.fastq.gz;ftp.sra.ebi.ac.uk/vol1/fastq/SRR308/005/SRR30899505/SRR30899505_2.fastq.gz,f82d9bf2-c5c4-48b1-b168-b4e0807d17ac
SRR30899404,SAMN44081155,SRX26303003,PRJNA1169681,701042,Mycobacterium marseillense,Mycobacterium marseillense,JCM_17324,C00018332,7be22342-31e7-46b4-9bdd-9dc82059a1f4,ftp.sra.ebi.ac.uk/vol1/fastq/SRR308/004/SRR30899404/SRR30899404_1.fastq.gz;ftp.sra.ebi.ac.uk/vol1/fastq/SRR308/004/SRR30899404/SRR30899404_2.fastq.gz,bab60fc4-9caa-4f71-8d00-34cd190daf15
SRR30899507,SAMN44081169,SRX26302900,PRJNA1169681,1795,Mycolicibacterium neoaurum,Mycobacterium neoaurum,NCTC_10818,C00016626,a661c066-71b5-4b40-b074-96c01f670193,ftp.sra.ebi.ac.uk/vol1/fastq/SRR308/007/SRR30899507/SRR30899507_1.fastq.gz;ftp.sra.ebi.ac.uk/vol1/fastq/SRR308/007/SRR30899507/SRR30899507_2.fastq.gz,8c718cba-d6b2-4ca2-9c51-3ca4a091f0e0
SRR30899409,SAMN44081150,SRX26302998,PRJNA1169681,33894,Mycobacterium tuberculosis variant africanum,Mycobacterium africanum,CIP105147,C00021874,73ce4b65-8afb-4116-b1d1-f7b1b9ae080a,ftp.sra.ebi.ac.uk/vol1/fastq/SRR308/009/SRR30899409/SRR30899409_1.fastq.gz;ftp.sra.ebi.ac.uk/vol1/fastq/SRR308/009/SRR30899409/SRR30899409_2.fastq.gz,73ce4b65-8afb-4116-b1d1-f7b1b9ae080a
SRR30899413,SAMN44081121,SRX26302994,PRJNA1169681,228909,Mycobacterium hackensackense,Mycobacterium hackensackense,DSM_44833,C00018213,343aba45-e19e-4cd0-bba8-91a1b9e65b3b,ftp.sra.ebi.ac.uk/vol1/fastq/SRR308/013/SRR30899413/SRR30899413_1.fastq.gz;ftp.sra.ebi.ac.uk/vol1/fastq/SRR308/013/SRR30899413/SRR30899413_2.fastq.gz,9ff63307-4377-4634-9b5b-51d9308b939d
SRR30899508,SAMN44081168,SRX26302899,PRJNA1169681,2099321,[Mycobacterium] chelonae subsp. chelonae,Mycobacterium chelonae subsp. chelonae,DSM_44159,C00018208,155a5c79-5f88-44cc-abba-a957c3371ac8,ftp.sra.ebi.ac.uk/vol1/fastq/SRR308/008/SRR30899508/SRR30899508_1.fastq.gz;ftp.sra.ebi.ac.uk/vol1/fastq/SRR308/008/SRR30899508/SRR30899508_2.fastq.gz,95d06e8a-e94d-4157-964c-9821395eaf8d
SRR30899416,SAMN44081118,SRX26302991,PRJNA1169681,39688,Mycolicibacterium duvalii,Mycobacterium duvalii,JCM_6396,C00018339,98fbbd54-e3d2-491e-b761-60aedf803bcf,ftp.sra.ebi.ac.uk/vol1/fastq/SRR308/016/SRR30899416/SRR30899416_1.fastq.gz;ftp.sra.ebi.ac.uk/vol1/fastq/SRR308/016/SRR30899416/SRR30899416_2.fastq.gz,bc40d11c-15f4-43f9-a2e2-1473850ffb69
SRR30899510,SAMN44081068,SRX26302897,PRJNA1169681,152142,Mycolicibacterium holsaticum,Mycobacterium holsaticum,JCM_12374,C00018232,50f268ce-78d1-4ff1-99e6-f1327bc3ac5e,ftp.sra.ebi.ac.uk/vol1/fastq/SRR308/010/SRR30899510/SRR30899510_1.fastq.gz;ftp.sra.ebi.ac.uk/vol1/fastq/SRR308/010/SRR30899510/SRR30899510_2.fastq.gz,4adf4b82-2ff7-4e8f-b2e2-570167dcf568
SRR30899417,SAMN44081117,SRX26302990,PRJNA1169681,115862,Mycobacterium tuberculosis variant caprae,Mycobacterium caprae,CIP_105776,C00018205,a25043e5-6027-4977-87fb-3e76a249356a,ftp.sra.ebi.ac.uk/vol1/fastq/SRR308/017/SRR30899417/SRR30899417_1.fastq.gz;ftp.sra.ebi.ac.uk/vol1/fastq/SRR308/017/SRR30899417/SRR30899417_2.fastq.gz,4614aaf2-3010-47ec-a9ef-5c33345d6258
SRR30899418,SAMN44081063,SRX26302989,PRJNA1169681,388459,Mycolicibacterium crocinum,Mycobacterium crocinum,JCM_16369,C00018330,29575ec5-5570-49dc-a05c-db6b3cb008b7,ftp.sra.ebi.ac.uk/vol1/fastq/SRR308/018/SRR30899418/SRR30899418_1.fastq.gz;ftp.sra.ebi.ac.uk/vol1/fastq/SRR308/018/SRR30899418/SRR30899418_2.fastq.gz,c8684de8-702a-4f91-bc77-55851c14ecd0
SRR30899518,SAMN44081159,SRX26302889,PRJNA1169681,154654,Mycobacterium montefiorense,Mycobacterium montefiorense,DSM_44602,C00018303,775ce4bd-9fcf-41bd-b2bb-8178f5192165,ftp.sra.ebi.ac.uk/vol1/fastq/SRR308/018/SRR30899518/SRR30899518_1.fastq.gz;ftp.sra.ebi.ac.uk/vol1/fastq/SRR308/018/SRR30899518/SRR30899518_2.fastq.gz,c2b655ab-0f90-4475-93d6-666babeb9169
SRR30899421,SAMN44081114,SRX26302986,PRJNA1169681,1765,Mycobacterium tuberculosis variant bovis,Mycobacterium bovis subsp. bovis,CIP_105234,C00018204,baa99c29-ff5b-4b62-aea0-4fd7089c5d3e,ftp.sra.ebi.ac.uk/vol1/fastq/SRR308/021/SRR30899421/SRR30899421_1.fastq.gz;ftp.sra.ebi.ac.uk/vol1/fastq/SRR308/021/SRR30899421/SRR30899421_2.fastq.gz,71cf5c82-c58c-4d6a-b536-9f8c26a59d76
SRR30899422,SAMN44081113,SRX26302985,PRJNA1169681,36814,Mycolicibacterium rhodesiae,Mycobacterium rhodesiae,NCTC_10779,C00016623,79e296e1-607a-49fa-a566-5567b4b05cbb,ftp.sra.ebi.ac.uk/vol1/fastq/SRR308/022/SRR30899422/SRR30899422_1.fastq.gz;ftp.sra.ebi.ac.uk/vol1/fastq/SRR308/022/SRR30899422/SRR30899422_2.fastq.gz,f417c505-2b41-4494-9e38-6ad3fad9cdcb
SRR30899428,SAMN44081107,SRX26302979,PRJNA1169681,318424,Mycolicibacterium rufum,Mycobacterium rufum,JCM_16372,C00018331,5c76b6f3-caa0-4dc4-91df-8251d5e64788,ftp.sra.ebi.ac.uk/vol1/fastq/SRR308/028/SRR30899428/SRR30899428_1.fastq.gz;ftp.sra.ebi.ac.uk/vol1/fastq/SRR308/028/SRR30899428/SRR30899428_2.fastq.gz,f98678ca-23fd-44f5-9cf7-991a5cec7197
SRR30899430,SAMN44081106,SRX26302977,PRJNA1169681,590652,Mycobacterium paraseoulense,Mycobacterium paraseoulense,JCM_16952,C00018270,bd6702d1-68cb-446b-b783-73ef2df8d67e,ftp.sra.ebi.ac.uk/vol1/fastq/SRR308/030/SRR30899430/SRR30899430_1.fastq.gz;ftp.sra.ebi.ac.uk/vol1/fastq/SRR308/030/SRR30899430/SRR30899430_2.fastq.gz,0622d292-7410-4819-89d0-f0865f84d7ba
SRR30899436,SAMN44081100,SRX26302971,PRJNA1169681,53376,Mycobacterium heidelbergense,Mycobacterium heidelbergense,JCM_14842,C00018321,43b18a8b-fa11-4841-a188-c316729fd62f,ftp.sra.ebi.ac.uk/vol1/fastq/SRR308/036/SRR30899436/SRR30899436_1.fastq.gz;ftp.sra.ebi.ac.uk/vol1/fastq/SRR308/036/SRR30899436/SRR30899436_2.fastq.gz,9eebc208-5150-4e66-a1f8-d0709447c6cf
SRR30899437,SAMN44081099,SRX26302970,PRJNA1169681,47839,Mycobacterium triplex,Mycobacterium triplex,JCM_14744,C00018320,4a3bf9a2-58d3-4e17-bb70-9d4cb630eae2,ftp.sra.ebi.ac.uk/vol1/fastq/SRR308/037/SRR30899437/SRR30899437_1.fastq.gz;ftp.sra.ebi.ac.uk/vol1/fastq/SRR308/037/SRR30899437/SRR30899437_2.fastq.gz,b66fd7b1-1107-4841-a564-d029bd19815f
SRR30899438,SAMN44081098,SRX26302969,PRJNA1169681,212765,Mycolicibacterium madagascariense,Mycobacterium madagascariense,JCM_13574,C00018318,66b5afe9-1b27-4fa4-a766-3c590b8b4ff1,ftp.sra.ebi.ac.uk/vol1/fastq/SRR308/038/SRR30899438/SRR30899438_1.fastq.gz;ftp.sra.ebi.ac.uk/vol1/fastq/SRR308/038/SRR30899438/SRR30899438_2.fastq.gz,8735072d-63c6-4fc1-ae35-f86978beffd6
SRR30899439,SAMN44081097,SRX26302968,PRJNA1169681,1768,Mycobacterium kansasii,Mycobacterium kansasii,NCTC_10268,C00016627,032675f6-86e4-4802-a21e-00272fb68667,ftp.sra.ebi.ac.uk/vol1/fastq/SRR308/039/SRR30899439/SRR30899439_1.fastq.gz;ftp.sra.ebi.ac.uk/vol1/fastq/SRR308/039/SRR30899439/SRR30899439_2.fastq.gz,0229f89c-2cef-47d6-8d72-6b73fcfcc129
SRR30899440,SAMN44081061,SRX26302967,PRJNA1169681,1801,Mycolicibacterium diernhoferi,Mycobacterium diernhoferi,JCM_6371,C00018277,7bf820b6-8cc7-4baf-a9e3-4e95879392ec,ftp.sra.ebi.ac.uk/vol1/fastq/SRR308/040/SRR30899440/SRR30899440_1.fastq.gz;ftp.sra.ebi.ac.uk/vol1/fastq/SRR308/040/SRR30899440/SRR30899440_2.fastq.gz,c6d72657-4a02-4eb4-8eb5-e3c263550a67
SRR30899442,SAMN44081095,SRX26302965,PRJNA1169681,292462,Mycobacterium florentinum,Mycobacterium florentinum,JCM_14740,C00018251,c49b354c-f82b-43c3-8d84-06b81821576c,ftp.sra.ebi.ac.uk/vol1/fastq/SRR308/042/SRR30899442/SRR30899442_1.fastq.gz;ftp.sra.ebi.ac.uk/vol1/fastq/SRR308/042/SRR30899442/SRR30899442_2.fastq.gz,39d59f65-fda9-47c0-a515-fd3c98cc32c9
SRR30899447,SAMN44081090,SRX26302960,PRJNA1169681,1799,Mycolicibacterium aichiense,Mycobacterium aichiense,NCTC_10820,C00016638,aff27553-a97c-49f3-8021-1d4cf0c2a499,ftp.sra.ebi.ac.uk/vol1/fastq/SRR308/047/SRR30899447/SRR30899447_1.fastq.gz;ftp.sra.ebi.ac.uk/vol1/fastq/SRR308/047/SRR30899447/SRR30899447_2.fastq.gz,e23f476c-0d09-461e-93c6-c000c5e633b0
SRR30899448,SAMN44081089,SRX26302959,PRJNA1169681,1806,Mycobacterium tuberculosis variant microti,Mycobacterium microti,NCTC_08710,C00018288,093610b4-81fb-4a35-bf8e-1196efca08f9,ftp.sra.ebi.ac.uk/vol1/fastq/SRR308/048/SRR30899448/SRR30899448_1.fastq.gz;ftp.sra.ebi.ac.uk/vol1/fastq/SRR308/048/SRR30899448/SRR30899448_2.fastq.gz,070af218-c447-4d3a-9c28-cd563bd81bf6
SRR30899453,SAMN44081085,SRX26302954,PRJNA1169681,512402,Mycolicibacter heraklionensis,Mycobacterium heraklionense,NCTC_13432,C00018244,6d95d19d-c4a1-4c6e-b198-4cab34094cd6,ftp.sra.ebi.ac.uk/vol1/fastq/SRR308/053/SRR30899453/SRR30899453_1.fastq.gz;ftp.sra.ebi.ac.uk/vol1/fastq/SRR308/053/SRR30899453/SRR30899453_2.fastq.gz,f86eccd9-db32-443d-a90b-a688c2b52faf
SRR30899454,SAMN44081084,SRX26302953,PRJNA1169681,1788,Mycolicibacter terrae,Mycobacterium terrae,NCTC_10856,C00018361,e6f69d37-7b1a-4e4e-b95b-dd5fe6983af9,ftp.sra.ebi.ac.uk/vol1/fastq/SRR308/054/SRR30899454/SRR30899454_1.fastq.gz;ftp.sra.ebi.ac.uk/vol1/fastq/SRR308/054/SRR30899454/SRR30899454_2.fastq.gz,7791885e-3d9b-4803-a132-5f204b9cfff4
SRR30899456,SAMN44081082,SRX26302951,PRJNA1169681,1782,Mycolicibacter nonchromogenicus,Mycobacterium nonchromogenicum,NCTC_10424,C00016644,d2528092-0e39-433c-8844-7d98fd13ed6b,ftp.sra.ebi.ac.uk/vol1/fastq/SRR308/056/SRR30899456/SRR30899456_1.fastq.gz;ftp.sra.ebi.ac.uk/vol1/fastq/SRR308/056/SRR30899456/SRR30899456_2.fastq.gz,11a943db-38f9-46b0-bb45-e971efd699f8
SRR30899460,SAMN44081078,SRX26302947,PRJNA1169681,110539,Mycolicibacterium vanbaalenii,Mycobacterium vanbaalenii,JCM_13017,C00018240,360f17a1-3273-4168-a6d0-74a2cd78bcad,ftp.sra.ebi.ac.uk/vol1/fastq/SRR308/060/SRR30899460/SRR30899460_1.fastq.gz;ftp.sra.ebi.ac.uk/vol1/fastq/SRR308/060/SRR30899460/SRR30899460_2.fastq.gz,ebce42aa-d73a-4ee0-9731-1a9f9492a7fa
SRR30899467,SAMN44081072,SRX26302940,PRJNA1169681,1792,Mycolicibacterium chitae,Mycobacterium chitae,NCTC_10495,C00016610,c3adfa90-25c8-41c7-a232-048960d4202a,ftp.sra.ebi.ac.uk/vol1/fastq/SRR308/067/SRR30899467/SRR30899467_1.fastq.gz;ftp.sra.ebi.ac.uk/vol1/fastq/SRR308/067/SRR30899467/SRR30899467_2.fastq.gz,ebf01831-f968-4359-b903-6da552300125
SRR32024527,SAMN46230632,SRX27375028,PRJNA1169681,1802,Mycolicibacterium farcinogenes,Mycobacterium farcinogenes,NCTC_4524,C00016655,d0f0d28b-e00d-4731-bafc-216f4f679e05,ftp.sra.ebi.ac.uk/vol1/fastq/SRR320/027/SRR32024527/SRR32024527_1.fastq.gz;ftp.sra.ebi.ac.uk/vol1/fastq/SRR320/027/SRR32024527/SRR32024527_2.fastq.gz,5faf002d-ba85-40ee-9aa0-581021b46b3c
SRR30899469,SAMN44081066,SRX26302938,PRJNA1169681,339268,Mycobacterium colombiense,Mycobacterium colombiense,JCM_16228,C00018265,cadc0a47-b85c-4329-a495-656776771d35,ftp.sra.ebi.ac.uk/vol1/fastq/SRR308/069/SRR30899469/SRR30899469_1.fastq.gz;ftp.sra.ebi.ac.uk/vol1/fastq/SRR308/069/SRR30899469/SRR30899469_2.fastq.gz,39a5ee92-c61c-41cd-9a6b-967a8ac77fbb
SRR30899477,SAMN44081139,SRX26302930,PRJNA1169681,120959,Mycobacterium kubicae,Mycobacterium kubicae,JCM_13573,C00018247,ce6dd236-7dc6-4586-97cc-6537e4f46443,ftp.sra.ebi.ac.uk/vol1/fastq/SRR308/077/SRR30899477/SRR30899477_1.fastq.gz;ftp.sra.ebi.ac.uk/vol1/fastq/SRR308/077/SRR30899477/SRR30899477_2.fastq.gz,f3dc8f9f-bd76-4fe1-b5ac-01e30a44b804
SRR30899485,SAMN44081132,SRX26302922,PRJNA1169681,547163,Mycolicibacterium vulneris,Mycobacterium vulneris,JCM_18115,C00018276,fb314b44-442c-4b78-9198-d6c873a62f29,ftp.sra.ebi.ac.uk/vol1/fastq/SRR308/085/SRR30899485/SRR30899485_1.fastq.gz;ftp.sra.ebi.ac.uk/vol1/fastq/SRR308/085/SRR30899485/SRR30899485_2.fastq.gz,dbea8fdd-918f-485d-a9d1-053e376b9e5e
SRR30899488,SAMN44081129,SRX26302919,PRJNA1169681,1776,Mycolicibacterium flavescens,Mycobacterium flavescens,NCTC_10271,C00016657,5f827cdd-9518-4820-9acd-92128b0bffde,ftp.sra.ebi.ac.uk/vol1/fastq/SRR308/088/SRR30899488/SRR30899488_1.fastq.gz;ftp.sra.ebi.ac.uk/vol1/fastq/SRR308/088/SRR30899488/SRR30899488_2.fastq.gz,5c0596da-e5b2-46e9-a2e0-2d2e6d7e1d07
SRR30899492,SAMN44081126,SRX26302915,PRJNA1169681,169765,Mycobacterium lacus,Mycobacterium lacus,JCM_15657,C00018260,3aff0455-03be-4369-8051-6912cce7de9a,ftp.sra.ebi.ac.uk/vol1/fastq/SRR308/092/SRR30899492/SRR30899492_1.fastq.gz;ftp.sra.ebi.ac.uk/vol1/fastq/SRR308/092/SRR30899492/SRR30899492_2.fastq.gz,0a17cbfa-ded8-4f9d-b154-500c29d7c866
SRR30899497,SAMN44081070,SRX26302910,PRJNA1169681,28047,Mycolicibacterium confluentis,Mycobacterium confluentis,JCM_13671,C00018248,0823e830-bb2b-4761-8530-3412979c644e,ftp.sra.ebi.ac.uk/vol1/fastq/SRR308/097/SRR30899497/SRR30899497_1.fastq.gz;ftp.sra.ebi.ac.uk/vol1/fastq/SRR308/097/SRR30899497/SRR30899497_2.fastq.gz,d3f1f6f0-2457-4910-ade8-4465a036eada
SRR32024528,SAMN46230631,SRX27375027,PRJNA1169681,144549,Mycolicibacterium fortuitum subsp. fortuitum,Mycobacterium fortuitum subsp. fortuitum,NCTC_3631,C00016660,bb681df3-f5c0-44bb-839c-b3d6900bca6a,ftp.sra.ebi.ac.uk/vol1/fastq/SRR320/028/SRR32024528/SRR32024528_1.fastq.gz;ftp.sra.ebi.ac.uk/vol1/fastq/SRR320/028/SRR32024528/SRR32024528_2.fastq.gz,5acad814-e337-4086-b310-769d3e0480aa
SRR30899503,SAMN44081173,SRX26302904,PRJNA1169681,280871,Mycolicibacterium llatzerense,Mycobacterium llatzerense,JCM_16229,C00018329,294e2236-43a9-4e6d-b7ac-6fbd3acfaeed,ftp.sra.ebi.ac.uk/vol1/fastq/SRR308/003/SRR30899503/SRR30899503_1.fastq.gz;ftp.sra.ebi.ac.uk/vol1/fastq/SRR308/003/SRR30899503/SRR30899503_2.fastq.gz,3cb985ad-4378-46ad-9218-a1b05f083b2a
SRR30899511,SAMN44081166,SRX26302896,PRJNA1169681,98668,Mycolicibacterium septicum,Mycobacterium septicum,JCM_14743,C00018253,2bb921f2-aec6-40c6-ae68-092b44822886,ftp.sra.ebi.ac.uk/vol1/fastq/SRR308/011/SRR30899511/SRR30899511_1.fastq.gz;ftp.sra.ebi.ac.uk/vol1/fastq/SRR308/011/SRR30899511/SRR30899511_2.fastq.gz,de45d962-d082-450d-a2a2-d671908d46d8
SRR30899515,SAMN44081162,SRX26302892,PRJNA1169681,110505,Mycobacterium heckeshornense,Mycobacterium heckeshornense,JCM_15655,C00018258,61afd126-c2b5-49bd-b552-8ab4141db460,ftp.sra.ebi.ac.uk/vol1/fastq/SRR308/015/SRR30899515/SRR30899515_1.fastq.gz;ftp.sra.ebi.ac.uk/vol1/fastq/SRR308/015/SRR30899515/SRR30899515_2.fastq.gz,7684a89c-c0f2-4d32-9cb7-de1354a8abad
SRR30899517,SAMN44081160,SRX26302890,PRJNA1169681,29313,Mycobacterium shimoidei,Mycobacterium shimoidei,JCM_12376,C00018234,1206399d-957e-426b-a111-502b775f9c79,ftp.sra.ebi.ac.uk/vol1/fastq/SRR308/017/SRR30899517/SRR30899517_1.fastq.gz;ftp.sra.ebi.ac.uk/vol1/fastq/SRR308/017/SRR30899517/SRR30899517_2.fastq.gz,67973631-f3d4-4ff7-882d-b991effb4855
SRR30899520,SAMN44081157,SRX26302887,PRJNA1169681,56425,Mycobacterium bohemicum,Mycobacterium bohemicum,JCM_12402,C00018312,b3929697-50df-4de3-894a-f6534db2a82c,ftp.sra.ebi.ac.uk/vol1/fastq/SRR308/020/SRR30899520/SRR30899520_1.fastq.gz;ftp.sra.ebi.ac.uk/vol1/fastq/SRR308/020/SRR30899520/SRR30899520_2.fastq.gz,3a26fee5-a8f8-4633-af43-bdb99c0b3ca9
SRR30899521,SAMN44081067,SRX26302886,PRJNA1169681,370524,Mycolicibacterium pallens,Mycobacterium pallens,JCM_16370,C00018268,d7c5eb5f-172e-4b63-b82e-9b34bd3f8d78,ftp.sra.ebi.ac.uk/vol1/fastq/SRR308/021/SRR30899521/SRR30899521_1.fastq.gz;ftp.sra.ebi.ac.uk/vol1/fastq/SRR308/021/SRR30899521/SRR30899521_2.fastq.gz,90296912-2b32-4dce-a2e0-e416c6c1d13a
SRR30899522,SAMN44081058,SRX26302885,PRJNA1169681,1810,Mycolicibacterium vaccae,Mycobacterium vaccae,NCTC_10916,C00016616,c464a95a-db1e-4a2d-a36d-fa43db6898c0,ftp.sra.ebi.ac.uk/vol1/fastq/SRR308/022/SRR30899522/SRR30899522_1.fastq.gz;ftp.sra.ebi.ac.uk/vol1/fastq/SRR308/022/SRR30899522/SRR30899522_2.fastq.gz,ee366f1f-2dd7-42be-9c99-89b62170b75d
SRR30899523,SAMN44081057,SRX26302884,PRJNA1169681,46351,Mycolicibacterium hassiacum,Mycobacterium hassiacum,JCM_12690,C00018237,256eadc5-3482-4695-a4e6-c99f4fd3d35c,ftp.sra.ebi.ac.uk/vol1/fastq/SRR308/023/SRR30899523/SRR30899523_1.fastq.gz;ftp.sra.ebi.ac.uk/vol1/fastq/SRR308/023/SRR30899523/SRR30899523_2.fastq.gz,2154523e-0a40-4a0b-aa7b-5ce0aa0020f0
SRR32024523,SAMN46230636,SRX27375032,PRJNA1169681,2099321,[Mycobacterium] chelonae subsp. chelonae,Mycobacterium chelonae subsp. chelonae,NCTC_946,C00016665,8a1bbf90-e0d2-4e67-afc3-b26577c341d4,ftp.sra.ebi.ac.uk/vol1/fastq/SRR320/023/SRR32024523/SRR32024523_1.fastq.gz;ftp.sra.ebi.ac.uk/vol1/fastq/SRR320/023/SRR32024523/SRR32024523_2.fastq.gz,3c963fae-db9f-4030-8993-746b93791bf3
SRR32024524,SAMN46230635,SRX27375031,PRJNA1169681,144549,Mycolicibacterium fortuitum subsp. fortuitum,Mycobacterium fortuitum subsp. fortuitum,NCTC_8697,C00016658,36116f01-d096-424a-9aae-6b1fe409ddc6,ftp.sra.ebi.ac.uk/vol1/fastq/SRR320/024/SRR32024524/SRR32024524_1.fastq.gz;ftp.sra.ebi.ac.uk/vol1/fastq/SRR320/024/SRR32024524/SRR32024524_2.fastq.gz,26159c04-68a4-42fe-bfe1-ac914e0fd678
SRR32024536,SAMN46230624,SRX27375019,PRJNA1169681,1767,Mycobacterium intracellulare,Mycobacterium intracellulare,NCTC_13025,C00016628,d34d68c7-f60a-489c-9d00-a0fc5b17c4cc,ftp.sra.ebi.ac.uk/vol1/fastq/SRR320/036/SRR32024536/SRR32024536_1.fastq.gz;ftp.sra.ebi.ac.uk/vol1/fastq/SRR320/036/SRR32024536/SRR32024536_2.fastq.gz,378b21ff-84a2-42e6-be18-7a56769e9d73
SRR32024537,SAMN46230623,SRX27375018,PRJNA1169681,1768,Mycobacterium kansasii,Mycobacterium kansasii,NCTC_13024,C00016647,da27ac0f-e19c-485d-a4dc-a974d2d1f466,ftp.sra.ebi.ac.uk/vol1/fastq/SRR320/037/SRR32024537/SRR32024537_1.fastq.gz;ftp.sra.ebi.ac.uk/vol1/fastq/SRR320/037/SRR32024537/SRR32024537_2.fastq.gz,b226b9b8-7df0-4ee5-b24f-eb75c2746e5c
SRR32024529,SAMN46230630,SRX27375026,PRJNA1169681,144549,Mycolicibacterium fortuitum subsp. fortuitum,Mycobacterium fortuitum subsp. fortuitum,NCTC_2891,C00016661,5862f8ce-16da-4cc9-9d9c-0bbc7344669b,ftp.sra.ebi.ac.uk/vol1/fastq/SRR320/029/SRR32024529/SRR32024529_1.fastq.gz;ftp.sra.ebi.ac.uk/vol1/fastq/SRR320/029/SRR32024529/SRR32024529_2.fastq.gz,9bd3fdec-2728-4e8b-9dee-0fd1dabeefa6
SRR32024538,SAMN46230622,SRX27375017,PRJNA1169681,1833,Rhodococcus erythropolis,Rhodococcus erythropolis,NCTC_13021,C00018295,80412861-3ebb-486b-9fea-3ae6a8d99595,ftp.sra.ebi.ac.uk/vol1/fastq/SRR320/038/SRR32024538/SRR32024538_1.fastq.gz;ftp.sra.ebi.ac.uk/vol1/fastq/SRR320/038/SRR32024538/SRR32024538_2.fastq.gz,e32e01f5-ee56-4f5e-ab1b-59eac9c13574
SRR32024549,SAMN46230612,SRX27375006,PRJNA1169681,1802,Mycolicibacterium farcinogenes,Mycobacterium farcinogenes,NCTC_10955,C00016656,006bc3d4-d474-4abe-947f-b41c92191da1,ftp.sra.ebi.ac.uk/vol1/fastq/SRR320/049/SRR32024549/SRR32024549_1.fastq.gz;ftp.sra.ebi.ac.uk/vol1/fastq/SRR320/049/SRR32024549/SRR32024549_2.fastq.gz,bfbac45c-797f-420e-a865-6ef95152aadf
SRR32024530,SAMN46230629,SRX27375025,PRJNA1169681,144549,Mycolicibacterium fortuitum subsp. fortuitum,Mycobacterium fortuitum subsp. fortuitum,NCTC_2291,C00016662,ebd279cf-7b04-4296-9f48-020af6d12249,ftp.sra.ebi.ac.uk/vol1/fastq/SRR320/030/SRR32024530/SRR32024530_1.fastq.gz;ftp.sra.ebi.ac.uk/vol1/fastq/SRR320/030/SRR32024530/SRR32024530_2.fastq.gz,cea8baf4-0ed8-47ad-9a49-67f1c55dd462
SRR32024551,SAMN46230610,SRX27375004,PRJNA1169681,1787,Mycobacterium szulgai,Mycobacterium szulgai,NCTC_10831,C00018360,7bdd9892-2f8c-49c1-9dda-616dfc19fb7e,ftp.sra.ebi.ac.uk/vol1/fastq/SRR320/051/SRR32024551/SRR32024551_1.fastq.gz;ftp.sra.ebi.ac.uk/vol1/fastq/SRR320/051/SRR32024551/SRR32024551_2.fastq.gz,a5cde50b-b5a3-494e-8f6a-d2414a699499
SRR32024533,SAMN46230546,SRX27375022,PRJNA1169681,486698,Mycobacterium riyadhense,Mycobacterium riyadhense,DSM_45176,C00018222,600a21aa-8583-439d-9db1-3477658a8446,ftp.sra.ebi.ac.uk/vol1/fastq/SRR320/033/SRR32024533/SRR32024533_1.fastq.gz;ftp.sra.ebi.ac.uk/vol1/fastq/SRR320/033/SRR32024533/SRR32024533_2.fastq.gz,595466a8-87aa-4acc-a25e-06a5186fc324
SRR32024552,SAMN46230609,SRX27375003,PRJNA1169681,1787,Mycobacterium szulgai,Mycobacterium szulgai,NCTC_10829,C00018358,cc16eac6-cb41-4e36-a609-ee7203ba54fb,ftp.sra.ebi.ac.uk/vol1/fastq/SRR320/052/SRR32024552/SRR32024552_1.fastq.gz;ftp.sra.ebi.ac.uk/vol1/fastq/SRR320/052/SRR32024552/SRR32024552_2.fastq.gz,e3b771d5-5217-4eda-8cef-7de12397c039
SRR32024553,SAMN46230608,SRX27375002,PRJNA1169681,1783,Mycobacterium scrofulaceum,Mycobacterium scrofulaceum,NCTC_10803,C00018294,a0aef824-ef9f-47b4-8da8-60692a93451a,ftp.sra.ebi.ac.uk/vol1/fastq/SRR320/053/SRR32024553/SRR32024553_1.fastq.gz;ftp.sra.ebi.ac.uk/vol1/fastq/SRR320/053/SRR32024553/SRR32024553_2.fastq.gz,ae8ec2c7-9158-4b43-bc25-11cc3601cdf5
SRR32024542,SAMN46230618,SRX27375013,PRJNA1169681,3393513,Mycobacterium neolactis,Mycobacterium neolactis,NCTC_11058,C00016648,d3e643bf-8dae-4345-a719-3bab1e3137e5,ftp.sra.ebi.ac.uk/vol1/fastq/SRR320/042/SRR32024542/SRR32024542_1.fastq.gz;ftp.sra.ebi.ac.uk/vol1/fastq/SRR320/042/SRR32024542/SRR32024542_2.fastq.gz,c3343ef6-dc8f-484d-ad09-b63b1fb493ae
SRR32024556,SAMN46230606,SRX27374999,PRJNA1169681,1767,Mycobacterium intracellulare,Mycobacterium intracellulare,NCTC_10682,C00016646,87ef93ec-060f-4a48-a8cd-2ba7dbb46cb0,ftp.sra.ebi.ac.uk/vol1/fastq/SRR320/056/SRR32024556/SRR32024556_1.fastq.gz;ftp.sra.ebi.ac.uk/vol1/fastq/SRR320/056/SRR32024556/SRR32024556_2.fastq.gz,f33623c6-cb7b-49aa-96b8-8a4edf14968b
SRR32024566,SAMN46230543,SRX27374989,PRJNA1169681,368477,Mycobacterium yunnanensis,Mycobacterium yunnanensis,DSM_44838,C00018214,6434f284-6cd4-4627-8faf-b81d7a65a4a5,ftp.sra.ebi.ac.uk/vol1/fastq/SRR320/066/SRR32024566/SRR32024566_1.fastq.gz;ftp.sra.ebi.ac.uk/vol1/fastq/SRR320/066/SRR32024566/SRR32024566_2.fastq.gz,5510279d-fce6-42c2-a728-68855719c2a2
SRR32024545,SAMN46230616,SRX27375010,PRJNA1169681,3393512,Mycobacterium hafniae,Mycobacterium hafniae,NCTC_11056,C00016633,58f4a20d-aff0-477e-963e-24f8d5964e3c,ftp.sra.ebi.ac.uk/vol1/fastq/SRR320/045/SRR32024545/SRR32024545_1.fastq.gz;ftp.sra.ebi.ac.uk/vol1/fastq/SRR320/045/SRR32024545/SRR32024545_2.fastq.gz,f294c92c-43f4-4927-ad0a-9cc1c48f7e69
SRR32024568,SAMN46230595,SRX27374987,PRJNA1169681,144549,Mycolicibacterium fortuitum subsp. fortuitum,Mycobacterium fortuitum subsp. fortuitum,NCTC_10395,C00016664,ebdf7096-03ed-4c18-893b-abc61b4163fb,ftp.sra.ebi.ac.uk/vol1/fastq/SRR320/068/SRR32024568/SRR32024568_1.fastq.gz;ftp.sra.ebi.ac.uk/vol1/fastq/SRR320/068/SRR32024568/SRR32024568_2.fastq.gz,648a6859-b0ad-4f0b-9e13-5fbc2b25a29b
SRR32024546,SAMN46230615,SRX27375009,PRJNA1169681,3393512,Mycobacterium hafniae,Mycobacterium hafniae,NCTC_11055,C00016629,b19a0f2a-66be-460e-9254-6aab28fe256f,ftp.sra.ebi.ac.uk/vol1/fastq/SRR320/046/SRR32024546/SRR32024546_1.fastq.gz;ftp.sra.ebi.ac.uk/vol1/fastq/SRR320/046/SRR32024546/SRR32024546_2.fastq.gz,6c759738-992d-4a7d-ab0a-20459674eb76
SRR32024572,SAMN46230591,SRX27374983,PRJNA1169681,1772,Mycolicibacterium smegmatis,Mycobacterium smegmatis,NCTC_10265,C00018353,cfef8d1f-c01d-429f-9157-b0952b88f0a1,ftp.sra.ebi.ac.uk/vol1/fastq/SRR320/072/SRR32024572/SRR32024572_1.fastq.gz;ftp.sra.ebi.ac.uk/vol1/fastq/SRR320/072/SRR32024572/SRR32024572_2.fastq.gz,8ee469fe-767d-4ff1-a4a0-bb1922446266
SRR32024573,SAMN46230590,SRX27374982,PRJNA1169681,1809,Mycobacterium ulcerans,Mycobacterium ulcerans,NCTC_10013,C00018352,d07e43d4-4c88-41e2-8bf8-aabb53c0b1bd,ftp.sra.ebi.ac.uk/vol1/fastq/SRR320/073/SRR32024573/SRR32024573_1.fastq.gz;ftp.sra.ebi.ac.uk/vol1/fastq/SRR320/073/SRR32024573/SRR32024573_2.fastq.gz,626bd47c-33ad-46c2-b2da-81404873a188
SRR32024574,SAMN46230589,SRX27374981,PRJNA1169681,1781,Mycobacterium marinum,Mycobacterium marinum,NCTC_10011,C00016651,62b2f5a8-dfb0-459a-8ac7-321c0daab753,ftp.sra.ebi.ac.uk/vol1/fastq/SRR320/074/SRR32024574/SRR32024574_1.fastq.gz;ftp.sra.ebi.ac.uk/vol1/fastq/SRR320/074/SRR32024574/SRR32024574_2.fastq.gz,e76b16b7-95e9-48b3-9f1d-56593275ad04
SRR32024582,SAMN46230582,SRX27374973,PRJNA1169681,1772,Mycolicibacterium smegmatis,Mycobacterium smegmatis,NCTC_08159,C00018350,3029af19-7932-4c64-b006-e0b970681165,ftp.sra.ebi.ac.uk/vol1/fastq/SRR320/082/SRR32024582/SRR32024582_1.fastq.gz;ftp.sra.ebi.ac.uk/vol1/fastq/SRR320/082/SRR32024582/SRR32024582_2.fastq.gz,ff94c6e2-2219-4884-b108-8a5ec89f18b4
SRR32024584,SAMN46230580,SRX27374971,PRJNA1169681,1771,Mycolicibacterium phlei,Mycobacterium phlei,NCTC_08157,C00018348,d1479e66-9509-4803-bc60-026cc713de9e,ftp.sra.ebi.ac.uk/vol1/fastq/SRR320/084/SRR32024584/SRR32024584_1.fastq.gz;ftp.sra.ebi.ac.uk/vol1/fastq/SRR320/084/SRR32024584/SRR32024584_2.fastq.gz,4506f515-2aa0-4312-af81-0cce44157eec
SRR32024554,SAMN46230607,SRX27375001,PRJNA1169681,1807,Mycolicibacterium obuense,Mycobacterium obuense,NCTC_10778,C00016625,7b3c1b95-d66d-4f89-9ba5-f916803608dc,ftp.sra.ebi.ac.uk/vol1/fastq/SRR320/054/SRR32024554/SRR32024554_1.fastq.gz;ftp.sra.ebi.ac.uk/vol1/fastq/SRR320/054/SRR32024554/SRR32024554_2.fastq.gz,a815fa0d-ff05-40b6-b136-7c2c4d30f2f3
SRR32024585,SAMN46230579,SRX27374970,PRJNA1169681,1771,Mycolicibacterium phlei,Mycobacterium phlei,NCTC_08156,C00018347,1a17a6c4-a091-4c54-8a89-bc64b2dc81eb,ftp.sra.ebi.ac.uk/vol1/fastq/SRR320/085/SRR32024585/SRR32024585_1.fastq.gz;ftp.sra.ebi.ac.uk/vol1/fastq/SRR320/085/SRR32024585/SRR32024585_2.fastq.gz,0e30d8fe-60de-4e4e-a051-09af2d236b67
SRR32024586,SAMN46230578,SRX27374969,PRJNA1169681,1772,Mycolicibacterium smegmatis,Mycobacterium smegmatis,NCTC_08153,C00018346,b01d8b91-8a3c-473d-96b1-5e15c6dda714,ftp.sra.ebi.ac.uk/vol1/fastq/SRR320/086/SRR32024586/SRR32024586_1.fastq.gz;ftp.sra.ebi.ac.uk/vol1/fastq/SRR320/086/SRR32024586/SRR32024586_2.fastq.gz,fa543cc2-7b99-4bc5-98ed-616da716318b
SRR32024589,SAMN46230576,SRX27374966,PRJNA1169681,1772,Mycolicibacterium smegmatis,Mycobacterium smegmatis,NCTC_07017,C00018344,a9500d85-1066-453f-afd9-196314a7df4b,ftp.sra.ebi.ac.uk/vol1/fastq/SRR320/089/SRR32024589/SRR32024589_1.fastq.gz;ftp.sra.ebi.ac.uk/vol1/fastq/SRR320/089/SRR32024589/SRR32024589_2.fastq.gz,28604676-45d0-4799-95c0-de21c1ffa0d4
SRR32024592,SAMN46230573,SRX27374963,PRJNA1169681,1772,Mycolicibacterium smegmatis,Mycobacterium smegmatis,NCTC_03820,C00018287,e3fcc3e3-94b5-442b-a79e-2d866ffd7fc9,ftp.sra.ebi.ac.uk/vol1/fastq/SRR320/092/SRR32024592/SRR32024592_1.fastq.gz;ftp.sra.ebi.ac.uk/vol1/fastq/SRR320/092/SRR32024592/SRR32024592_2.fastq.gz,8502afa4-1f1b-4a62-91d9-5c413b493e47
SRR32024594,SAMN46230571,SRX27374961,PRJNA1169681,1781,Mycobacterium marinum,Mycobacterium marinum,NCTC_02275,C00016652,f4fb38d3-7559-494a-96ed-c2c428c90ff2,ftp.sra.ebi.ac.uk/vol1/fastq/SRR320/094/SRR32024594/SRR32024594_1.fastq.gz;ftp.sra.ebi.ac.uk/vol1/fastq/SRR320/094/SRR32024594/SRR32024594_2.fastq.gz,b40c8bde-153f-46a1-a4f0-10deee04fb9c
SRR32024595,SAMN46230570,SRX27374960,PRJNA1169681,1772,Mycolicibacterium smegmatis,Mycobacterium smegmatis,NCTC_00334,C00018285,e4888614-f0d4-4862-be3f-bff9431d0bb6,ftp.sra.ebi.ac.uk/vol1/fastq/SRR320/095/SRR32024595/SRR32024595_1.fastq.gz;ftp.sra.ebi.ac.uk/vol1/fastq/SRR320/095/SRR32024595/SRR32024595_2.fastq.gz,1c458262-5666-4c00-88b1-ef0dd8f986e2
SRR32024600,SAMN46230566,SRX27374955,PRJNA1169681,405840,Mycobacterium runyonii str. 380,Mycobacterium runyonii,JCM_6390,C00018280,34e77c15-2564-433d-bb49-6bec43f771d4,ftp.sra.ebi.ac.uk/vol1/fastq/SRR320/000/SRR32024600/SRR32024600_1.fastq.gz;ftp.sra.ebi.ac.uk/vol1/fastq/SRR320/000/SRR32024600/SRR32024600_2.fastq.gz,e6e2b99c-bcd6-42e5-b051-2506207da650
SRR32024602,SAMN46230564,SRX27374953,PRJNA1169681,39687,Mycolicibacterium austroafricanum,Mycobacterium austroafricanum,JCM_6369,C00018336,6188521e-3a28-4a9b-8154-610deb00265d,ftp.sra.ebi.ac.uk/vol1/fastq/SRR320/002/SRR32024602/SRR32024602_1.fastq.gz;ftp.sra.ebi.ac.uk/vol1/fastq/SRR320/002/SRR32024602/SRR32024602_2.fastq.gz,b5dccc08-4e18-4ae2-9071-63f190e16bc3
SRR32024555,SAMN46230544,SRX27375000,PRJNA1169681,470075,Mycobacterium aemonae,Mycobacterium aemonae,DSM_45058,C00018218,91d71af4-4ba7-4b7a-ab85-a275ed8d4750,ftp.sra.ebi.ac.uk/vol1/fastq/SRR320/055/SRR32024555/SRR32024555_1.fastq.gz;ftp.sra.ebi.ac.uk/vol1/fastq/SRR320/055/SRR32024555/SRR32024555_2.fastq.gz,7737fc85-7b7e-4f8e-b213-5f4c0b9e50df
SRR32024604,SAMN46230562,SRX27374951,PRJNA1169681,701043,Mycobacterium timonense,Mycobacterium timonense,JCM_17325,C00018333,2e6df4f0-f794-494f-b959-7fe9381b72f7,ftp.sra.ebi.ac.uk/vol1/fastq/SRR320/004/SRR32024604/SRR32024604_1.fastq.gz;ftp.sra.ebi.ac.uk/vol1/fastq/SRR320/004/SRR32024604/SRR32024604_2.fastq.gz,1f41c82d-a594-4000-9d52-3adb0b2f2741
SRR32024606,SAMN46230560,SRX27374949,PRJNA1169681,386911,Mycobacterium seoulense,Mycobacterium seoulense,JCM_16018,C00018328,7399f0c1-421b-4ef9-a0b8-8f3a36ee7e6b,ftp.sra.ebi.ac.uk/vol1/fastq/SRR320/006/SRR32024606/SRR32024606_1.fastq.gz;ftp.sra.ebi.ac.uk/vol1/fastq/SRR320/006/SRR32024606/SRR32024606_2.fastq.gz,aa74d7b2-df26-4b72-95f7-9b7135daadad
SRR32024558,SAMN46230604,SRX27374997,PRJNA1169681,1782,Mycolicibacter nonchromogenicus,Mycobacterium nonchromogenicum,NCTC_10497,C00016643,cf6f977e-6ee9-471a-9933-382584b8674c,ftp.sra.ebi.ac.uk/vol1/fastq/SRR320/058/SRR32024558/SRR32024558_1.fastq.gz;ftp.sra.ebi.ac.uk/vol1/fastq/SRR320/058/SRR32024558/SRR32024558_2.fastq.gz,c9688bed-ffb2-433d-81f0-c8a6badc9ead
SRR32024607,SAMN46230559,SRX27374948,PRJNA1169681,386913,Mycolicibacter senuensis,Mycobacterium senuense,JCM_16017,C00018327,22221b33-9115-47f0-aff5-d7a4ffea57ee,ftp.sra.ebi.ac.uk/vol1/fastq/SRR320/007/SRR32024607/SRR32024607_1.fastq.gz;ftp.sra.ebi.ac.uk/vol1/fastq/SRR320/007/SRR32024607/SRR32024607_2.fastq.gz,74149811-2416-420e-b83f-704177ba107b
SRR32024611,SAMN46230556,SRX27374944,PRJNA1169681,451644,Mycolicibacterium conceptionense,Mycobacterium conceptionense,JCM_15299,C00018324,d3e7289c-3c4a-4191-8066-fb4ba723c6af,ftp.sra.ebi.ac.uk/vol1/fastq/SRR320/011/SRR32024611/SRR32024611_1.fastq.gz;ftp.sra.ebi.ac.uk/vol1/fastq/SRR320/011/SRR32024611/SRR32024611_2.fastq.gz,4edf99fb-ecd0-481f-8c5e-e30021fd5735
SRR32024612,SAMN46230555,SRX27374943,PRJNA1169681,319705,Mycobacteroides abscessus subsp. bolletii,Mycobacterium abscessus subsp. bolletii,JCM_15297,C00018255,c4276837-43cb-42df-ae40-b34677d95784,ftp.sra.ebi.ac.uk/vol1/fastq/SRR320/012/SRR32024612/SRR32024612_1.fastq.gz;ftp.sra.ebi.ac.uk/vol1/fastq/SRR320/012/SRR32024612/SRR32024612_2.fastq.gz,fe08e5fd-a5aa-4b64-8240-82b12631433d
SRR32024613,SAMN46230554,SRX27374942,PRJNA1169681,487514,Mycobacterium kyorinense,Mycobacterium kyorinense,JCM_15038,C00018254,4c7ad924-e300-4a13-b3f7-0a178716d1c0,ftp.sra.ebi.ac.uk/vol1/fastq/SRR320/013/SRR32024613/SRR32024613_1.fastq.gz;ftp.sra.ebi.ac.uk/vol1/fastq/SRR320/013/SRR32024613/SRR32024613_2.fastq.gz,627e3534-515c-4c7b-b593-3f8161619e35
SRR32024614,SAMN46230553,SRX27374941,PRJNA1169681,258505,Mycolicibacterium fluoranthenivorans,Mycobacterium fluoranthenivorans,JCM_14741,C00018252,19413aff-7992-423f-9c23-d85afd9b425e,ftp.sra.ebi.ac.uk/vol1/fastq/SRR320/014/SRR32024614/SRR32024614_1.fastq.gz;ftp.sra.ebi.ac.uk/vol1/fastq/SRR320/014/SRR32024614/SRR32024614_2.fastq.gz,c03b349e-aa3a-40fc-a309-a94b87c38172
SRR32024615,SAMN46230552,SRX27374940,PRJNA1169681,182220,Mycolicibacterium murale,Mycobacterium murale,JCM_13392,C00018242,3dee9d79-5301-4fbd-970f-ba1ecc638707,ftp.sra.ebi.ac.uk/vol1/fastq/SRR320/015/SRR32024615/SRR32024615_1.fastq.gz;ftp.sra.ebi.ac.uk/vol1/fastq/SRR320/015/SRR32024615/SRR32024615_2.fastq.gz,5ab58110-539f-417a-9eac-ef9d00a2067a
SRR32024622,SAMN46230537,SRX27374933,PRJNA1169681,1776,Mycolicibacterium flavescens,Mycobacterium flavescens,DSM_43991,C00018207,576abedf-7db1-424b-aa8c-a8326de2e19c,ftp.sra.ebi.ac.uk/vol1/fastq/SRR320/022/SRR32024622/SRR32024622_1.fastq.gz;ftp.sra.ebi.ac.uk/vol1/fastq/SRR320/022/SRR32024622/SRR32024622_2.fastq.gz,9a918509-0d78-4508-b635-3ca94d463a86
SRR32024560,SAMN46230602,SRX27374995,PRJNA1169681,1792,Mycolicibacterium chitae,Mycobacterium chitae,NCTC_10485,C00016609,5ddedbc1-c698-4949-b39a-1e99bde09a14,ftp.sra.ebi.ac.uk/vol1/fastq/SRR320/060/SRR32024560/SRR32024560_1.fastq.gz;ftp.sra.ebi.ac.uk/vol1/fastq/SRR320/060/SRR32024560/SRR32024560_2.fastq.gz,e7a28bec-fed5-45b8-9aeb-d9af27c2e1cf
SRR32024562,SAMN46230600,SRX27374993,PRJNA1169681,1791,Mycolicibacterium aurum,Mycobacterium aurum,NCTC_10440,C00016614,ff65e947-25f3-43ea-a2e0-9b3432f2a08f,ftp.sra.ebi.ac.uk/vol1/fastq/SRR320/062/SRR32024562/SRR32024562_1.fastq.gz;ftp.sra.ebi.ac.uk/vol1/fastq/SRR320/062/SRR32024562/SRR32024562_2.fastq.gz,d963c05f-8766-45f8-aed3-373b7183801b
SRR32024567,SAMN46230596,SRX27374988,PRJNA1169681,1809,Mycobacterium ulcerans,Mycobacterium ulcerans,NCTC_10417,C00018292,0df44883-1029-4b59-80c2-a2d179b7b9c2,ftp.sra.ebi.ac.uk/vol1/fastq/SRR320/067/SRR32024567/SRR32024567_1.fastq.gz;ftp.sra.ebi.ac.uk/vol1/fastq/SRR320/067/SRR32024567/SRR32024567_2.fastq.gz,7605781c-d80f-43e5-b49d-b83a785f2186
SRR32024569,SAMN46230594,SRX27374986,PRJNA1169681,144549,Mycolicibacterium fortuitum subsp. fortuitum,Mycobacterium fortuitum subsp. fortuitum,NCTC_10394,C00016654,4b29edf7-6afe-42fb-ae45-3e411b0b3681,ftp.sra.ebi.ac.uk/vol1/fastq/SRR320/069/SRR32024569/SRR32024569_1.fastq.gz;ftp.sra.ebi.ac.uk/vol1/fastq/SRR320/069/SRR32024569/SRR32024569_2.fastq.gz,9a310ace-ca47-432e-97df-b74e00aa78d6
SRR32024570,SAMN46230593,SRX27374985,PRJNA1169681,114977,Mycolicibacterium acapulense,Mycobacterium acapulcensis,NCTC_10270,C00016615,85477594-8605-4591-84ff-f4fa59e16e13,ftp.sra.ebi.ac.uk/vol1/fastq/SRR320/070/SRR32024570/SRR32024570_1.fastq.gz;ftp.sra.ebi.ac.uk/vol1/fastq/SRR320/070/SRR32024570/SRR32024570_2.fastq.gz,f39f4624-d1fb-45d8-9878-8f2c23f34cc1
SRR32024576,SAMN46230587,SRX27374979,PRJNA1169681,1778,Mycobacterium gordonae,Mycobacterium gordonae,NCTC_09822,C00016632,6def3c0c-cdb0-4e54-a98c-bd043f39cf2c,ftp.sra.ebi.ac.uk/vol1/fastq/SRR320/076/SRR32024576/SRR32024576_1.fastq.gz;ftp.sra.ebi.ac.uk/vol1/fastq/SRR320/076/SRR32024576/SRR32024576_2.fastq.gz,2dac8b82-722c-48eb-8c06-790c069c8f48
SRR32024583,SAMN46230581,SRX27374972,PRJNA1169681,1772,Mycolicibacterium smegmatis,Mycobacterium smegmatis,NCTC_08158,C00018349,4c3894bb-3102-48fd-a552-73725557f310,ftp.sra.ebi.ac.uk/vol1/fastq/SRR320/083/SRR32024583/SRR32024583_1.fastq.gz;ftp.sra.ebi.ac.uk/vol1/fastq/SRR320/083/SRR32024583/SRR32024583_2.fastq.gz,1431d8e1-e50d-455f-a118-cb781b4d98be
SRR32024590,SAMN46230575,SRX27374965,PRJNA1169681,1781,Mycobacterium marinum,Mycobacterium marinum,NCTC_07010,C00016653,b1172e37-8cff-4519-ad00-af67cb9add00,ftp.sra.ebi.ac.uk/vol1/fastq/SRR320/090/SRR32024590/SRR32024590_1.fastq.gz;ftp.sra.ebi.ac.uk/vol1/fastq/SRR320/090/SRR32024590/SRR32024590_2.fastq.gz,ebc5e49b-857f-4533-bd60-cd3cb3527998
SRR32024596,SAMN46230569,SRX27374959,PRJNA1169681,1772,Mycolicibacterium smegmatis,Mycobacterium smegmatis,NCTC_00333,C00018284,9a5b86c5-5de5-4f3d-95bd-3e3748f0676a,ftp.sra.ebi.ac.uk/vol1/fastq/SRR320/096/SRR32024596/SRR32024596_1.fastq.gz;ftp.sra.ebi.ac.uk/vol1/fastq/SRR320/096/SRR32024596/SRR32024596_2.fastq.gz,4176428d-71d3-4b3e-be9d-a5047444f84f
SRR32024597,SAMN46230568,SRX27374958,PRJNA1169681,265949,Mycobacterium pseudoshottsii,Mycobacterium pseudoshottsii,NCTC13318,C00021877,325ee392-cfb8-470d-a7ce-69901976deb6,ftp.sra.ebi.ac.uk/vol1/fastq/SRR320/097/SRR32024597/SRR32024597_1.fastq.gz;ftp.sra.ebi.ac.uk/vol1/fastq/SRR320/097/SRR32024597/SRR32024597_2.fastq.gz,325ee392-cfb8-470d-a7ce-69901976deb6
SRR32024599,SAMN46230540,SRX27374956,PRJNA1169681,75920,Mycobacterium sp. 'ratisbonense',Mycobacterium ratisbonense,DSM_44364,C00018302,d56d21d3-604e-4143-bdd7-61e4ae31d991,ftp.sra.ebi.ac.uk/vol1/fastq/SRR320/099/SRR32024599/SRR32024599_1.fastq.gz;ftp.sra.ebi.ac.uk/vol1/fastq/SRR320/099/SRR32024599/SRR32024599_2.fastq.gz,d1db7ecc-b77d-4d71-9c1b-6d0f9bd590b5
SRR32024601,SAMN46230565,SRX27374954,PRJNA1169681,1783,Mycobacterium scrofulaceum,Mycobacterium scrofulaceum,JCM_6381,C00018279,f8777534-569d-4e94-86eb-7857bdc0590c,ftp.sra.ebi.ac.uk/vol1/fastq/SRR320/001/SRR32024601/SRR32024601_1.fastq.gz;ftp.sra.ebi.ac.uk/vol1/fastq/SRR320/001/SRR32024601/SRR32024601_2.fastq.gz,7d14589f-2c88-4a94-a399-0899a6a087e6
SRR32024603,SAMN46230563,SRX27374952,PRJNA1169681,53378,Mycobacterium paraffinicum,Mycobacterium paraffinicum,JCM_17782,C00018273,ebd5a433-fdaf-4538-9920-3ead4413948b,ftp.sra.ebi.ac.uk/vol1/fastq/SRR320/003/SRR32024603/SRR32024603_1.fastq.gz;ftp.sra.ebi.ac.uk/vol1/fastq/SRR320/003/SRR32024603/SRR32024603_2.fastq.gz,e36629b1-540d-4033-90b5-0979d7a97d41
SRR32024608,SAMN46230558,SRX27374947,PRJNA1169681,187102,Mycolicibacterium pyrenivorans,Mycobacterium pyrenivorans,JCM_15927,C00018264,95f97c7f-6ed6-485c-98a6-56a4717a9b74,ftp.sra.ebi.ac.uk/vol1/fastq/SRR320/008/SRR32024608/SRR32024608_1.fastq.gz;ftp.sra.ebi.ac.uk/vol1/fastq/SRR320/008/SRR32024608/SRR32024608_2.fastq.gz,9d38c4c3-aea3-4f8c-b218-af5069d79530
SRR32024609,SAMN46230557,SRX27374946,PRJNA1169681,146017,Mycolicibacterium boenickei,Mycobacterium boenickei,JCM_15653,C00018257,95554ef1-2aeb-4782-a7eb-79ca115c421a,ftp.sra.ebi.ac.uk/vol1/fastq/SRR320/009/SRR32024609/SRR32024609_1.fastq.gz;ftp.sra.ebi.ac.uk/vol1/fastq/SRR320/009/SRR32024609/SRR32024609_2.fastq.gz,32ab5276-7ff5-4b03-a192-430f71952383
SRR32024610,SAMN46230539,SRX27374945,PRJNA1169681,188917,Mycobacterium petroleophilum,Mycobacterium petroleophilum,DSM_44182,C00018300,ac9db754-76e4-4a37-af5c-a64f03238d3b,ftp.sra.ebi.ac.uk/vol1/fastq/SRR320/010/SRR32024610/SRR32024610_1.fastq.gz;ftp.sra.ebi.ac.uk/vol1/fastq/SRR320/010/SRR32024610/SRR32024610_2.fastq.gz,324f48b4-ef43-46f5-95ef-98e8b7e33561
SRR32024617,SAMN46230550,SRX27374938,PRJNA1169681,1788,Mycolicibacter terrae,Mycobacterium terrae,JCM_12143,C00018230,d3d18c9d-25ff-4eb8-8178-bb05939f34ed,ftp.sra.ebi.ac.uk/vol1/fastq/SRR320/017/SRR32024617/SRR32024617_1.fastq.gz;ftp.sra.ebi.ac.uk/vol1/fastq/SRR320/017/SRR32024617/SRR32024617_2.fastq.gz,ef6cbdb1-7542-4a20-b304-1384b67ab4fb
SRR32024619,SAMN46230548,SRX27374936,PRJNA1169681,1288388,Mycolicibacter algericus,Mycobacterium algericum,DSM_45454,C00018226,7edab9b2-90d7-4002-9e12-1b16500c82e5,ftp.sra.ebi.ac.uk/vol1/fastq/SRR320/019/SRR32024619/SRR32024619_1.fastq.gz;ftp.sra.ebi.ac.uk/vol1/fastq/SRR320/019/SRR32024619/SRR32024619_2.fastq.gz,89bcb512-e9a9-4e03-a3bf-ea7b381c6f73
SRR32024620,SAMN46230547,SRX27374935,PRJNA1169681,659824,Mycolicibacterium hippocampi,Mycobacterium hippocampi,DSM_45391,C00018223,8a0cb25a-6dcb-4144-a5b4-77ca93a2ed1a,ftp.sra.ebi.ac.uk/vol1/fastq/SRR320/020/SRR32024620/SRR32024620_1.fastq.gz;ftp.sra.ebi.ac.uk/vol1/fastq/SRR320/020/SRR32024620/SRR32024620_2.fastq.gz,edb0752f-63c8-4307-9d8c-f0e9ffea01e2
